ISO-10303-21;
HEADER;
FILE_DESCRIPTION(('Open CASCADE Model'),'2;1');
FILE_NAME('Open CASCADE Shape Model','2026-08-29T15:12:12',('Author'),(
    'Open CASCADE'),'Open CASCADE STEP processor 7.9','Open CASCADE 7.9'
  ,'Unknown');
FILE_SCHEMA(('AUTOMOTIVE_DESIGN { 1 0 10303 214 1 1 1 1 }'));
ENDSEC;
DATA;
#1 = APPLICATION_PROTOCOL_DEFINITION('international standard',
  'automotive_design',2000,#2);
#2 = APPLICATION_CONTEXT(
  'core data for automotive mechanical design processes');
#3 = SHAPE_DEFINITION_REPRESENTATION(#4,#10);
#4 = PRODUCT_DEFINITION_SHAPE('','',#5);
#5 = PRODUCT_DEFINITION('design','',#6,#9);
#6 = PRODUCT_DEFINITION_FORMATION('','',#7);
#7 = PRODUCT('Open CASCADE STEP translator 7.9 1',
  'Open CASCADE STEP translator 7.9 1','',(#8));
#8 = PRODUCT_CONTEXT('',#2,'mechanical');
#9 = PRODUCT_DEFINITION_CONTEXT('part definition',#2,'design');
#10 = ADVANCED_BREP_SHAPE_REPRESENTATION('',(#11,#15),#1729);
#11 = AXIS2_PLACEMENT_3D('',#12,#13,#14);
#12 = CARTESIAN_POINT('',(0.,0.,0.));
#13 = DIRECTION('',(0.,0.,1.));
#14 = DIRECTION('',(1.,0.,-0.));
#15 = MANIFOLD_SOLID_BREP('',#16);
#16 = CLOSED_SHELL('',(#17,#300,#518,#744,#913,#1006,#1063,#1217,#1307,
    #1403,#1628,#1663,#1718,#1722));
#17 = ADVANCED_FACE('',(#18),#47,.F.);
#18 = FACE_BOUND('',#19,.F.);
#19 = EDGE_LOOP('',(#20,#145,#194,#224,#246));
#20 = ORIENTED_EDGE('',*,*,#21,.F.);
#21 = EDGE_CURVE('',#22,#24,#26,.T.);
#22 = VERTEX_POINT('',#23);
#23 = CARTESIAN_POINT('',(-1.515436516276,-1.,1.80582351332));
#24 = VERTEX_POINT('',#25);
#25 = CARTESIAN_POINT('',(1.515436516276,-1.,1.80582351332));
#26 = SURFACE_CURVE('',#27,(#46,#83),.PCURVE_S1.);
#27 = ( BOUNDED_CURVE() B_SPLINE_CURVE(9,(#28,#29,#30,#31,#32,#33,#34,
    #35,#36,#37,#38,#39,#40,#41,#42,#43,#44,#45),.UNSPECIFIED.,.F.,.F.) 
B_SPLINE_CURVE_WITH_KNOTS((10,8,10),(4.10118461523E-16,8.754106125153,
17.508212250306),.UNSPECIFIED.) CURVE() GEOMETRIC_REPRESENTATION_ITEM() 
RATIONAL_B_SPLINE_CURVE((1.,1.,1.,1.,1.,1.,1.,1.,1.,1.,1.,1.,1.,1.,1.,1.
,1.,1.)) REPRESENTATION_ITEM('') );
#28 = CARTESIAN_POINT('',(-1.515436516276,-1.,1.80582351332));
#29 = CARTESIAN_POINT('',(-2.354449077138,-1.,2.273225648936));
#30 = CARTESIAN_POINT('',(-3.045425813749,-1.,3.03179682929));
#31 = CARTESIAN_POINT('',(-3.483017781996,-1.,4.022985718516));
#32 = CARTESIAN_POINT('',(-3.586922335696,-1.,5.139702568136));
#33 = CARTESIAN_POINT('',(-3.326169614487,-1.,6.24073000629));
#34 = CARTESIAN_POINT('',(-2.728893887538,-1.,7.183365384689));
#35 = CARTESIAN_POINT('',(-1.88675276215,-1.,7.839682762031));
#36 = CARTESIAN_POINT('',(-0.936700061911,-1.,8.16));
#37 = CARTESIAN_POINT('',(0.936700061911,-1.,8.16));
#38 = CARTESIAN_POINT('',(1.88675276215,-1.,7.839682762031));
#39 = CARTESIAN_POINT('',(2.728893887538,-1.,7.183365384689));
#40 = CARTESIAN_POINT('',(3.326169614487,-1.,6.24073000629));
#41 = CARTESIAN_POINT('',(3.586922335696,-1.,5.139702568136));
#42 = CARTESIAN_POINT('',(3.483017781996,-1.,4.022985718516));
#43 = CARTESIAN_POINT('',(3.045425813749,-1.,3.03179682929));
#44 = CARTESIAN_POINT('',(2.354449077138,-1.,2.273225648936));
#45 = CARTESIAN_POINT('',(1.515436516276,-1.,1.80582351332));
#46 = PCURVE('',#47,#55);
#47 = SURFACE_OF_LINEAR_EXTRUSION('',#48,#53);
#48 = ELLIPSE('',#49,3.375,3.225);
#49 = AXIS2_PLACEMENT_3D('',#50,#51,#52);
#50 = CARTESIAN_POINT('',(0.,0.,4.785));
#51 = DIRECTION('',(0.,-1.,0.));
#52 = DIRECTION('',(1.110223024625E-16,0.,1.));
#53 = VECTOR('',#54,1.);
#54 = DIRECTION('',(-0.,1.,-0.));
#55 = DEFINITIONAL_REPRESENTATION('',(#56),#82);
#56 = B_SPLINE_CURVE_WITH_KNOTS('',3,(#57,#58,#59,#60,#61,#62,#63,#64,
    #65,#66,#67,#68,#69,#70,#71,#72,#73,#74,#75,#76,#77,#78,#79,#80,#81)
  ,.UNSPECIFIED.,.F.,.F.,(4,1,1,1,1,1,1,1,1,1,1,1,1,1,1,1,1,1,1,1,1,1,4)
  ,(4.10118461523E-16,0.795827829559,1.591655659119,2.387483488678,
    3.183311318237,3.979139147797,4.774966977356,5.570794806916,
    6.366622636475,7.162450466034,7.958278295594,8.754106125153,
    9.549933954712,10.345761784272,11.141589613831,11.93741744339,
    12.73324527295,13.529073102509,14.324900932069,15.120728761628,
    15.916556591187,16.712384420747,17.508212250306),
  .QUASI_UNIFORM_KNOTS.);
#57 = CARTESIAN_POINT('',(8.935597704374,-1.));
#58 = CARTESIAN_POINT('',(8.85521751277,-1.));
#59 = CARTESIAN_POINT('',(8.694457851433,-1.));
#60 = CARTESIAN_POINT('',(8.453274947553,-1.));
#61 = CARTESIAN_POINT('',(8.212005883644,-1.));
#62 = CARTESIAN_POINT('',(7.970598008882,-1.));
#63 = CARTESIAN_POINT('',(7.729009737163,-1.));
#64 = CARTESIAN_POINT('',(7.487236350454,-1.));
#65 = CARTESIAN_POINT('',(7.245355823567,-1.));
#66 = CARTESIAN_POINT('',(7.003538226504,-1.));
#67 = CARTESIAN_POINT('',(6.762172644195,-1.));
#68 = CARTESIAN_POINT('',(6.521538049526,-1.));
#69 = CARTESIAN_POINT('',(6.28318530718,-1.));
#70 = CARTESIAN_POINT('',(6.044832564834,-1.));
#71 = CARTESIAN_POINT('',(5.804197970164,-1.));
#72 = CARTESIAN_POINT('',(5.562832387855,-1.));
#73 = CARTESIAN_POINT('',(5.321014790792,-1.));
#74 = CARTESIAN_POINT('',(5.079134263905,-1.));
#75 = CARTESIAN_POINT('',(4.837360877196,-1.));
#76 = CARTESIAN_POINT('',(4.595772605477,-1.));
#77 = CARTESIAN_POINT('',(4.354364730716,-1.));
#78 = CARTESIAN_POINT('',(4.113095666806,-1.));
#79 = CARTESIAN_POINT('',(3.871912762926,-1.));
#80 = CARTESIAN_POINT('',(3.711153101589,-1.));
#81 = CARTESIAN_POINT('',(3.630772909985,-1.));
#82 = ( GEOMETRIC_REPRESENTATION_CONTEXT(2) 
PARAMETRIC_REPRESENTATION_CONTEXT() REPRESENTATION_CONTEXT('2D SPACE',''
  ) );
#83 = PCURVE('',#84,#139);
#84 = ( BOUNDED_SURFACE() B_SPLINE_SURFACE(2,9,(
    (#85,#86,#87,#88,#89,#90,#91,#92,#93,#94,#95,#96,#97,#98,#99,#100
      ,#101,#102)
    ,(#103,#104,#105,#106,#107,#108,#109,#110,#111,#112,#113,#114,#115
      ,#116,#117,#118,#119,#120)
    ,(#121,#122,#123,#124,#125,#126,#127,#128,#129,#130,#131,#132,#133
      ,#134,#135,#136,#137,#138
)),.UNSPECIFIED.,.F.,.T.,.F.) B_SPLINE_SURFACE_WITH_KNOTS((3,3),(1,9,8,9
    ,1),(0.,20.737198194614),(-10.3685990973,4.10118461523E-16,
    10.368599097307,20.737198194614,31.105797291922),.UNSPECIFIED.) 
GEOMETRIC_REPRESENTATION_ITEM() RATIONAL_B_SPLINE_SURFACE((
    (1.,1.,1.,1.,1.,1.,1.,1.,1.,1.,1.,1.,1.,1.,1.,1.,1.,1.)
    ,(0.707106781187,0.707106781187,0.707106781187,0.707106781187
      ,0.707106781186,0.707106781187,0.707106781186,0.707106781187
      ,0.707106781187,0.707106781187,0.707106781187,0.707106781187
      ,0.707106781187,0.707106781186,0.707106781187,0.707106781187
      ,0.707106781187,0.707106781187)
    ,(1.,1.,1.,1.,1.,1.,1.,1.,1.,1.,1.,1.,1.,1.,1.,1.,1.,1.
))) REPRESENTATION_ITEM('') SURFACE() );
#85 = CARTESIAN_POINT('',(3.74700270811E-16,-1.,8.16));
#86 = CARTESIAN_POINT('',(-1.109452784502,-1.,8.16));
#87 = CARTESIAN_POINT('',(-2.237637546912,-1.,7.710637463739));
#88 = CARTESIAN_POINT('',(-3.183062439315,-1.,6.785853781658));
#89 = CARTESIAN_POINT('',(-3.713357891159,-1.,5.488231114404));
#90 = CARTESIAN_POINT('',(-3.70743427806,-1.,4.079012728084));
#91 = CARTESIAN_POINT('',(-3.179587360607,-1.,2.797340543382));
#92 = CARTESIAN_POINT('',(-2.251320498476,-1.,1.872731043256));
#93 = CARTESIAN_POINT('',(-1.125737367536,-1.,1.41));
#94 = CARTESIAN_POINT('',(1.125737367536,-1.,1.41));
#95 = CARTESIAN_POINT('',(2.251320498476,-1.,1.872731043256));
#96 = CARTESIAN_POINT('',(3.179587360607,-1.,2.797340543382));
#97 = CARTESIAN_POINT('',(3.70743427806,-1.,4.079012728084));
#98 = CARTESIAN_POINT('',(3.713357891159,-1.,5.488231114404));
#99 = CARTESIAN_POINT('',(3.183062439315,-1.,6.785853781658));
#100 = CARTESIAN_POINT('',(2.237637546912,-1.,7.710637463739));
#101 = CARTESIAN_POINT('',(1.109452784502,-1.,8.16));
#102 = CARTESIAN_POINT('',(3.74700270811E-16,-1.,8.16));
#103 = CARTESIAN_POINT('',(1.235990476633E-16,-1.45,8.16));
#104 = CARTESIAN_POINT('',(-1.109452784502,-1.45,8.16));
#105 = CARTESIAN_POINT('',(-2.237637546912,-1.45,7.710637463739));
#106 = CARTESIAN_POINT('',(-3.183062439315,-1.45,6.785853781658));
#107 = CARTESIAN_POINT('',(-3.713357891159,-1.45,5.488231114404));
#108 = CARTESIAN_POINT('',(-3.707434278059,-1.45,4.079012728084));
#109 = CARTESIAN_POINT('',(-3.179587360607,-1.45,2.797340543382));
#110 = CARTESIAN_POINT('',(-2.251320498476,-1.45,1.872731043256));
#111 = CARTESIAN_POINT('',(-1.125737367536,-1.45,1.41));
#112 = CARTESIAN_POINT('',(1.125737367536,-1.45,1.41));
#113 = CARTESIAN_POINT('',(2.251320498476,-1.45,1.872731043256));
#114 = CARTESIAN_POINT('',(3.179587360607,-1.45,2.797340543382));
#115 = CARTESIAN_POINT('',(3.70743427806,-1.45,4.079012728084));
#116 = CARTESIAN_POINT('',(3.713357891158,-1.45,5.488231114404));
#117 = CARTESIAN_POINT('',(3.183062439315,-1.45,6.785853781658));
#118 = CARTESIAN_POINT('',(2.237637546911,-1.45,7.710637463739));
#119 = CARTESIAN_POINT('',(1.109452784502,-1.45,8.16));
#120 = CARTESIAN_POINT('',(1.235990476633E-16,-1.45,8.16));
#121 = CARTESIAN_POINT('',(3.247402347029E-16,-1.45,7.71));
#122 = CARTESIAN_POINT('',(-0.947445076652,-1.45,7.71));
#123 = CARTESIAN_POINT('',(-1.911071533232,-1.45,7.326114982795));
#124 = CARTESIAN_POINT('',(-2.724813665149,-1.45,6.537251372653));
#125 = CARTESIAN_POINT('',(-3.209527126304,-1.45,5.4142333958));
#126 = CARTESIAN_POINT('',(-3.203371188414,-1.45,4.153326079268));
#127 = CARTESIAN_POINT('',(-2.722578641846,-1.45,3.044470187946));
#128 = CARTESIAN_POINT('',(-1.922703201379,-1.45,2.255206022306));
#129 = CARTESIAN_POINT('',(-0.96135170543,-1.45,1.86));
#130 = CARTESIAN_POINT('',(0.96135170543,-1.45,1.86));
#131 = CARTESIAN_POINT('',(1.922703201379,-1.45,2.255206022306));
#132 = CARTESIAN_POINT('',(2.722578641846,-1.45,3.044470187946));
#133 = CARTESIAN_POINT('',(3.203371188414,-1.45,4.153326079268));
#134 = CARTESIAN_POINT('',(3.209527126304,-1.45,5.4142333958));
#135 = CARTESIAN_POINT('',(2.724813665149,-1.45,6.537251372653));
#136 = CARTESIAN_POINT('',(1.911071533232,-1.45,7.326114982795));
#137 = CARTESIAN_POINT('',(0.947445076652,-1.45,7.71));
#138 = CARTESIAN_POINT('',(3.247402347029E-16,-1.45,7.71));
#139 = DEFINITIONAL_REPRESENTATION('',(#140),#144);
#140 = LINE('',#141,#142);
#141 = CARTESIAN_POINT('',(8.496863123723E-15,29.491304319767));
#142 = VECTOR('',#143,1.);
#143 = DIRECTION('',(-8.26335529846E-16,-1.));
#144 = ( GEOMETRIC_REPRESENTATION_CONTEXT(2) 
PARAMETRIC_REPRESENTATION_CONTEXT() REPRESENTATION_CONTEXT('2D SPACE',''
  ) );
#145 = ORIENTED_EDGE('',*,*,#146,.T.);
#146 = EDGE_CURVE('',#22,#147,#149,.T.);
#147 = VERTEX_POINT('',#148);
#148 = CARTESIAN_POINT('',(-1.633997356582,0.,1.875269005394));
#149 = SURFACE_CURVE('',#150,(#161,#175),.PCURVE_S1.);
#150 = B_SPLINE_CURVE_WITH_KNOTS('',5,(#151,#152,#153,#154,#155,#156,
    #157,#158,#159,#160),.UNSPECIFIED.,.F.,.F.,(6,4,6),(0.,0.50190286604
    ,1.),.UNSPECIFIED.);
#151 = CARTESIAN_POINT('',(-1.51543338243,-1.0000006,1.805824440143));
#152 = CARTESIAN_POINT('',(-1.5404130566,-0.89984722932,1.819740479197)
  );
#153 = CARTESIAN_POINT('',(-1.56166466789,-0.799434150277,1.831947496832
    ));
#154 = CARTESIAN_POINT('',(-1.579492539176,-0.698935420915,
    1.842404748593));
#155 = CARTESIAN_POINT('',(-1.594113083831,-0.59844764368,1.851105779561
    ));
#156 = CARTESIAN_POINT('',(-1.617148701107,-0.39831104245,1.86494560267)
  );
#157 = CARTESIAN_POINT('',(-1.625609589209,-0.298663938516,
    1.870110695218));
#158 = CARTESIAN_POINT('',(-1.63120148093,-0.19908338835,1.87354940714)
  );
#159 = CARTESIAN_POINT('',(-1.633997370065,-9.954221433772E-02,
    1.875269013686));
#160 = CARTESIAN_POINT('',(-1.633997356582,5.999999999062E-07,
    1.875269005394));
#161 = PCURVE('',#47,#162);
#162 = DEFINITIONAL_REPRESENTATION('',(#163),#174);
#163 = B_SPLINE_CURVE_WITH_KNOTS('',5,(#164,#165,#166,#167,#168,#169,
    #170,#171,#172,#173),.UNSPECIFIED.,.F.,.F.,(6,4,6),(0.,0.50190286604
    ,0.999999399538),.UNSPECIFIED.);
#164 = CARTESIAN_POINT('',(8.935598406069,-1.0000006));
#165 = CARTESIAN_POINT('',(8.926823656493,-0.89984722932));
#166 = CARTESIAN_POINT('',(8.919307254665,-0.799434150277));
#167 = CARTESIAN_POINT('',(8.912970250053,-0.698935420915));
#168 = CARTESIAN_POINT('',(8.90775502435,-0.59844764368));
#169 = CARTESIAN_POINT('',(8.899518790882,-0.398311162624));
#170 = CARTESIAN_POINT('',(8.896481587234,-0.298664178767));
#171 = CARTESIAN_POINT('',(8.894470450981,-0.199083748487));
#172 = CARTESIAN_POINT('',(8.893464872383,-9.954269432981E-02));
#173 = CARTESIAN_POINT('',(8.893464872384,2.556239555695E-17));
#174 = ( GEOMETRIC_REPRESENTATION_CONTEXT(2) 
PARAMETRIC_REPRESENTATION_CONTEXT() REPRESENTATION_CONTEXT('2D SPACE',''
  ) );
#175 = PCURVE('',#176,#181);
#176 = SPHERICAL_SURFACE('',#177,4.830909090909);
#177 = AXIS2_PLACEMENT_3D('',#178,#179,#180);
#178 = CARTESIAN_POINT('',(0.,0.,-2.670909090909));
#179 = DIRECTION('',(0.,0.,1.));
#180 = DIRECTION('',(1.,0.,0.));
#181 = DEFINITIONAL_REPRESENTATION('',(#182),#193);
#182 = B_SPLINE_CURVE_WITH_KNOTS('',5,(#183,#184,#185,#186,#187,#188,
    #189,#190,#191,#192),.UNSPECIFIED.,.F.,.F.,(6,4,6),(0.,0.50190286604
    ,1.),.UNSPECIFIED.);
#183 = CARTESIAN_POINT('',(3.724880421306,1.185495801521));
#184 = CARTESIAN_POINT('',(3.671261937897,1.193160348571));
#185 = CARTESIAN_POINT('',(3.616122234822,1.200064682238));
#186 = CARTESIAN_POINT('',(3.559463874548,1.206115423459));
#187 = CARTESIAN_POINT('',(3.501440771769,1.211233620472));
#188 = CARTESIAN_POINT('',(3.383676030903,1.219466079282));
#189 = CARTESIAN_POINT('',(3.323952031831,1.222595177994));
#190 = CARTESIAN_POINT('',(3.263431230523,1.224700043463));
#191 = CARTESIAN_POINT('',(3.202512099963,1.225752349349));
#192 = CARTESIAN_POINT('',(3.141592286392,1.225752344275));
#193 = ( GEOMETRIC_REPRESENTATION_CONTEXT(2) 
PARAMETRIC_REPRESENTATION_CONTEXT() REPRESENTATION_CONTEXT('2D SPACE',''
  ) );
#194 = ORIENTED_EDGE('',*,*,#195,.F.);
#195 = EDGE_CURVE('',#196,#147,#198,.T.);
#196 = VERTEX_POINT('',#197);
#197 = CARTESIAN_POINT('',(3.74700270811E-16,0.,8.16));
#198 = SURFACE_CURVE('',#199,(#204,#210),.PCURVE_S1.);
#199 = ELLIPSE('',#200,3.375,3.225);
#200 = AXIS2_PLACEMENT_3D('',#201,#202,#203);
#201 = CARTESIAN_POINT('',(0.,0.,4.785));
#202 = DIRECTION('',(0.,-1.,0.));
#203 = DIRECTION('',(1.110223024625E-16,0.,1.));
#204 = PCURVE('',#47,#205);
#205 = DEFINITIONAL_REPRESENTATION('',(#206),#209);
#206 = B_SPLINE_CURVE_WITH_KNOTS('',1,(#207,#208),.UNSPECIFIED.,.F.,.F.,
  (2,2),(0.,2.610279565204),.PIECEWISE_BEZIER_KNOTS.);
#207 = CARTESIAN_POINT('',(6.28318530718,0.));
#208 = CARTESIAN_POINT('',(8.893464872384,0.));
#209 = ( GEOMETRIC_REPRESENTATION_CONTEXT(2) 
PARAMETRIC_REPRESENTATION_CONTEXT() REPRESENTATION_CONTEXT('2D SPACE',''
  ) );
#210 = PCURVE('',#211,#219);
#211 = SURFACE_OF_LINEAR_EXTRUSION('',#212,#217);
#212 = ELLIPSE('',#213,3.375,3.225);
#213 = AXIS2_PLACEMENT_3D('',#214,#215,#216);
#214 = CARTESIAN_POINT('',(0.,0.,4.785));
#215 = DIRECTION('',(0.,-1.,0.));
#216 = DIRECTION('',(1.110223024625E-16,0.,1.));
#217 = VECTOR('',#218,1.);
#218 = DIRECTION('',(0.,-1.,0.));
#219 = DEFINITIONAL_REPRESENTATION('',(#220),#223);
#220 = B_SPLINE_CURVE_WITH_KNOTS('',1,(#221,#222),.UNSPECIFIED.,.F.,.F.,
  (2,2),(0.,2.610279565204),.PIECEWISE_BEZIER_KNOTS.);
#221 = CARTESIAN_POINT('',(6.28318530718,0.));
#222 = CARTESIAN_POINT('',(8.893464872384,0.));
#223 = ( GEOMETRIC_REPRESENTATION_CONTEXT(2) 
PARAMETRIC_REPRESENTATION_CONTEXT() REPRESENTATION_CONTEXT('2D SPACE',''
  ) );
#224 = ORIENTED_EDGE('',*,*,#225,.F.);
#225 = EDGE_CURVE('',#226,#196,#228,.T.);
#226 = VERTEX_POINT('',#227);
#227 = CARTESIAN_POINT('',(1.633997356582,-2.001069632554E-16,
    1.875269005394));
#228 = SURFACE_CURVE('',#229,(#234,#240),.PCURVE_S1.);
#229 = ELLIPSE('',#230,3.375,3.225);
#230 = AXIS2_PLACEMENT_3D('',#231,#232,#233);
#231 = CARTESIAN_POINT('',(0.,0.,4.785));
#232 = DIRECTION('',(0.,-1.,0.));
#233 = DIRECTION('',(1.110223024625E-16,0.,1.));
#234 = PCURVE('',#47,#235);
#235 = DEFINITIONAL_REPRESENTATION('',(#236),#239);
#236 = B_SPLINE_CURVE_WITH_KNOTS('',1,(#237,#238),.UNSPECIFIED.,.F.,.F.,
  (2,2),(3.672905741976,6.28318530718),.PIECEWISE_BEZIER_KNOTS.);
#237 = CARTESIAN_POINT('',(3.672905741976,0.));
#238 = CARTESIAN_POINT('',(6.28318530718,0.));
#239 = ( GEOMETRIC_REPRESENTATION_CONTEXT(2) 
PARAMETRIC_REPRESENTATION_CONTEXT() REPRESENTATION_CONTEXT('2D SPACE',''
  ) );
#240 = PCURVE('',#211,#241);
#241 = DEFINITIONAL_REPRESENTATION('',(#242),#245);
#242 = B_SPLINE_CURVE_WITH_KNOTS('',1,(#243,#244),.UNSPECIFIED.,.F.,.F.,
  (2,2),(3.672905741976,6.28318530718),.PIECEWISE_BEZIER_KNOTS.);
#243 = CARTESIAN_POINT('',(3.672905741976,0.));
#244 = CARTESIAN_POINT('',(6.28318530718,0.));
#245 = ( GEOMETRIC_REPRESENTATION_CONTEXT(2) 
PARAMETRIC_REPRESENTATION_CONTEXT() REPRESENTATION_CONTEXT('2D SPACE',''
  ) );
#246 = ORIENTED_EDGE('',*,*,#247,.F.);
#247 = EDGE_CURVE('',#24,#226,#248,.T.);
#248 = SURFACE_CURVE('',#249,(#264,#282),.PCURVE_S1.);
#249 = B_SPLINE_CURVE_WITH_KNOTS('',5,(#250,#251,#252,#253,#254,#255,
    #256,#257,#258,#259,#260,#261,#262,#263),.UNSPECIFIED.,.F.,.F.,(6,4,
    4,6),(0.,0.499904979102,0.939956802458,1.),.UNSPECIFIED.);
#250 = CARTESIAN_POINT('',(1.51543338243,-1.0000006,1.805824440143));
#251 = CARTESIAN_POINT('',(1.540313583861,-0.90024605478,1.819685063482)
  );
#252 = CARTESIAN_POINT('',(1.561495353828,-0.800233858276,1.831850250746
    ));
#253 = CARTESIAN_POINT('',(1.579279403289,-0.700136006216,1.842279739027
    ));
#254 = CARTESIAN_POINT('',(1.593879891978,-0.600048270101,1.850967017949
    ));
#255 = CARTESIAN_POINT('',(1.615623627265,-0.411927625122,1.864028181763
    ));
#256 = CARTESIAN_POINT('',(1.623450149683,-0.323887559701,1.868793856186
    ));
#257 = CARTESIAN_POINT('',(1.629023295734,-0.235897320836,1.87221171466)
  );
#258 = CARTESIAN_POINT('',(1.632399503214,-0.147942873604,1.874286586479
    ));
#259 = CARTESIAN_POINT('',(1.633753572086,-4.799780548082E-02,
    1.875119082311));
#260 = CARTESIAN_POINT('',(1.633875472038,-3.599822906326E-02,
    1.875194044412));
#261 = CARTESIAN_POINT('',(1.633956728402,-2.399877750956E-02,
    1.875244018403));
#262 = CARTESIAN_POINT('',(1.633997356582,-1.199938878108E-02,
    1.875269005394));
#263 = CARTESIAN_POINT('',(1.633997356582,-4.440892098501E-16,
    1.875269005394));
#264 = PCURVE('',#47,#265);
#265 = DEFINITIONAL_REPRESENTATION('',(#266),#281);
#266 = B_SPLINE_CURVE_WITH_KNOTS('',5,(#267,#268,#269,#270,#271,#272,
    #273,#274,#275,#276,#277,#278,#279,#280),.UNSPECIFIED.,.F.,.F.,(6,4,
    4,6),(0.,0.499904979102,0.939956802458,1.),.UNSPECIFIED.);
#267 = CARTESIAN_POINT('',(3.63077220829,-1.0000006));
#268 = CARTESIAN_POINT('',(3.639512015522,-0.90024605478));
#269 = CARTESIAN_POINT('',(3.647003476679,-0.800233858276));
#270 = CARTESIAN_POINT('',(3.653324605744,-0.700136006216));
#271 = CARTESIAN_POINT('',(3.658532411453,-0.600048270101));
#272 = CARTESIAN_POINT('',(3.666306377607,-0.411927625122));
#273 = CARTESIAN_POINT('',(3.669114068232,-0.323887559701));
#274 = CARTESIAN_POINT('',(3.671117053152,-0.235897320836));
#275 = CARTESIAN_POINT('',(3.672331102326,-0.147942873604));
#276 = CARTESIAN_POINT('',(3.672818063884,-4.799780548082E-02));
#277 = CARTESIAN_POINT('',(3.672861905092,-3.599822898842E-02));
#278 = CARTESIAN_POINT('',(3.672891129684,-2.399877747464E-02));
#279 = CARTESIAN_POINT('',(3.672905741951,-1.199938888087E-02));
#280 = CARTESIAN_POINT('',(3.672905741951,-9.9781960472E-11));
#281 = ( GEOMETRIC_REPRESENTATION_CONTEXT(2) 
PARAMETRIC_REPRESENTATION_CONTEXT() REPRESENTATION_CONTEXT('2D SPACE',''
  ) );
#282 = PCURVE('',#176,#283);
#283 = DEFINITIONAL_REPRESENTATION('',(#284),#299);
#284 = B_SPLINE_CURVE_WITH_KNOTS('',5,(#285,#286,#287,#288,#289,#290,
    #291,#292,#293,#294,#295,#296,#297,#298),.UNSPECIFIED.,.F.,.F.,(6,4,
    4,6),(0.,0.499904979102,0.939956802458,1.),.UNSPECIFIED.);
#285 = CARTESIAN_POINT('',(5.699897539463,1.185495801521));
#286 = CARTESIAN_POINT('',(5.753302506181,1.193129827216));
#287 = CARTESIAN_POINT('',(5.808216612568,1.200009682484));
#288 = CARTESIAN_POINT('',(5.864637286625,1.20604309891));
#289 = CARTESIAN_POINT('',(5.922413101883,1.211152006185));
#290 = CARTESIAN_POINT('',(6.03307433549,1.218919563735));
#291 = CARTESIAN_POINT('',(6.085716402053,1.221798297911));
#292 = CARTESIAN_POINT('',(6.139007558184,1.223882795312));
#293 = CARTESIAN_POINT('',(6.192684594111,1.22515133087));
#294 = CARTESIAN_POINT('',(6.253813786269,1.225660598442));
#295 = CARTESIAN_POINT('',(6.261155268972,1.225706468447));
#296 = CARTESIAN_POINT('',(6.26849814885,1.225737052332));
#297 = CARTESIAN_POINT('',(6.275841728114,1.225752344275));
#298 = CARTESIAN_POINT('',(6.28318530718,1.225752344275));
#299 = ( GEOMETRIC_REPRESENTATION_CONTEXT(2) 
PARAMETRIC_REPRESENTATION_CONTEXT() REPRESENTATION_CONTEXT('2D SPACE',''
  ) );
#300 = ADVANCED_FACE('',(#301),#211,.T.);
#301 = FACE_BOUND('',#302,.T.);
#302 = EDGE_LOOP('',(#303,#420,#462,#463,#464));
#303 = ORIENTED_EDGE('',*,*,#304,.T.);
#304 = EDGE_CURVE('',#305,#307,#309,.T.);
#305 = VERTEX_POINT('',#306);
#306 = CARTESIAN_POINT('',(1.515436516276,1.,1.80582351332));
#307 = VERTEX_POINT('',#308);
#308 = CARTESIAN_POINT('',(-1.515436516276,1.,1.80582351332));
#309 = SURFACE_CURVE('',#310,(#329,#358),.PCURVE_S1.);
#310 = ( BOUNDED_CURVE() B_SPLINE_CURVE(9,(#311,#312,#313,#314,#315,#316
    ,#317,#318,#319,#320,#321,#322,#323,#324,#325,#326,#327,#328),
.UNSPECIFIED.,.F.,.F.) B_SPLINE_CURVE_WITH_KNOTS((10,8,10),(
    11.983092069461,20.737198194614,29.491304319768),.UNSPECIFIED.) 
CURVE() GEOMETRIC_REPRESENTATION_ITEM() RATIONAL_B_SPLINE_CURVE((1.,1.,
    1.,1.,1.,1.,1.,1.,1.,1.,1.,1.,1.,1.,1.,1.,1.,1.)) 
REPRESENTATION_ITEM('') );
#311 = CARTESIAN_POINT('',(1.515436516276,1.,1.80582351332));
#312 = CARTESIAN_POINT('',(2.354449077138,1.,2.273225648936));
#313 = CARTESIAN_POINT('',(3.045425813749,1.,3.03179682929));
#314 = CARTESIAN_POINT('',(3.483017781996,1.,4.022985718516));
#315 = CARTESIAN_POINT('',(3.586922335696,1.,5.139702568136));
#316 = CARTESIAN_POINT('',(3.326169614487,1.,6.24073000629));
#317 = CARTESIAN_POINT('',(2.728893887538,1.,7.183365384689));
#318 = CARTESIAN_POINT('',(1.88675276215,1.,7.839682762031));
#319 = CARTESIAN_POINT('',(0.936700061911,1.,8.16));
#320 = CARTESIAN_POINT('',(-0.936700061911,1.,8.16));
#321 = CARTESIAN_POINT('',(-1.88675276215,1.,7.839682762031));
#322 = CARTESIAN_POINT('',(-2.728893887538,1.,7.183365384689));
#323 = CARTESIAN_POINT('',(-3.326169614487,1.,6.24073000629));
#324 = CARTESIAN_POINT('',(-3.586922335696,1.,5.139702568136));
#325 = CARTESIAN_POINT('',(-3.483017781996,1.,4.022985718516));
#326 = CARTESIAN_POINT('',(-3.045425813749,1.,3.03179682929));
#327 = CARTESIAN_POINT('',(-2.354449077138,1.,2.273225648936));
#328 = CARTESIAN_POINT('',(-1.515436516276,1.,1.80582351332));
#329 = PCURVE('',#211,#330);
#330 = DEFINITIONAL_REPRESENTATION('',(#331),#357);
#331 = B_SPLINE_CURVE_WITH_KNOTS('',3,(#332,#333,#334,#335,#336,#337,
    #338,#339,#340,#341,#342,#343,#344,#345,#346,#347,#348,#349,#350,
    #351,#352,#353,#354,#355,#356),.UNSPECIFIED.,.F.,.F.,(4,1,1,1,1,1,1,
    1,1,1,1,1,1,1,1,1,1,1,1,1,1,1,4),(11.983092069461,12.778919899021,
    13.57474772858,14.370575558139,15.166403387699,15.962231217258,
    16.758059046818,17.553886876377,18.349714705936,19.145542535496,
    19.941370365055,20.737198194614,21.533026024174,22.328853853733,
    23.124681683293,23.920509512852,24.716337342411,25.512165171971,
    26.30799300153,27.10382083109,27.899648660649,28.695476490208,
    29.491304319768),.QUASI_UNIFORM_KNOTS.);
#332 = CARTESIAN_POINT('',(3.630772909985,-1.));
#333 = CARTESIAN_POINT('',(3.711153101589,-1.));
#334 = CARTESIAN_POINT('',(3.871912762926,-1.));
#335 = CARTESIAN_POINT('',(4.113095666806,-1.));
#336 = CARTESIAN_POINT('',(4.354364730716,-1.));
#337 = CARTESIAN_POINT('',(4.595772605477,-1.));
#338 = CARTESIAN_POINT('',(4.837360877196,-1.));
#339 = CARTESIAN_POINT('',(5.079134263905,-1.));
#340 = CARTESIAN_POINT('',(5.321014790792,-1.));
#341 = CARTESIAN_POINT('',(5.562832387855,-1.));
#342 = CARTESIAN_POINT('',(5.804197970164,-1.));
#343 = CARTESIAN_POINT('',(6.044832564834,-1.));
#344 = CARTESIAN_POINT('',(6.28318530718,-1.));
#345 = CARTESIAN_POINT('',(6.521538049526,-1.));
#346 = CARTESIAN_POINT('',(6.762172644195,-1.));
#347 = CARTESIAN_POINT('',(7.003538226504,-1.));
#348 = CARTESIAN_POINT('',(7.245355823567,-1.));
#349 = CARTESIAN_POINT('',(7.487236350454,-1.));
#350 = CARTESIAN_POINT('',(7.729009737163,-1.));
#351 = CARTESIAN_POINT('',(7.970598008882,-1.));
#352 = CARTESIAN_POINT('',(8.212005883644,-1.));
#353 = CARTESIAN_POINT('',(8.453274947553,-1.));
#354 = CARTESIAN_POINT('',(8.694457851433,-1.));
#355 = CARTESIAN_POINT('',(8.85521751277,-1.));
#356 = CARTESIAN_POINT('',(8.935597704374,-1.));
#357 = ( GEOMETRIC_REPRESENTATION_CONTEXT(2) 
PARAMETRIC_REPRESENTATION_CONTEXT() REPRESENTATION_CONTEXT('2D SPACE',''
  ) );
#358 = PCURVE('',#359,#414);
#359 = ( BOUNDED_SURFACE() B_SPLINE_SURFACE(2,9,(
    (#360,#361,#362,#363,#364,#365,#366,#367,#368,#369,#370,#371,#372
      ,#373,#374,#375,#376,#377)
    ,(#378,#379,#380,#381,#382,#383,#384,#385,#386,#387,#388,#389,#390
      ,#391,#392,#393,#394,#395)
    ,(#396,#397,#398,#399,#400,#401,#402,#403,#404,#405,#406,#407,#408
      ,#409,#410,#411,#412,#413
)),.UNSPECIFIED.,.F.,.T.,.F.) B_SPLINE_SURFACE_WITH_KNOTS((3,3),(1,9,8,9
    ,1),(0.,20.737198194614),(-10.3685990973,4.10118461523E-16,
    10.368599097307,20.737198194614,31.105797291922),.UNSPECIFIED.) 
GEOMETRIC_REPRESENTATION_ITEM() RATIONAL_B_SPLINE_SURFACE((
    (1.,1.,1.,1.,1.,1.,1.,1.,1.,1.,1.,1.,1.,1.,1.,1.,1.,1.)
    ,(0.707106781187,0.707106781187,0.707106781187,0.707106781187
      ,0.707106781186,0.707106781187,0.707106781186,0.707106781187
      ,0.707106781187,0.707106781187,0.707106781187,0.707106781187
      ,0.707106781187,0.707106781186,0.707106781187,0.707106781187
      ,0.707106781187,0.707106781187)
    ,(1.,1.,1.,1.,1.,1.,1.,1.,1.,1.,1.,1.,1.,1.,1.,1.,1.,1.
))) REPRESENTATION_ITEM('') SURFACE() );
#360 = CARTESIAN_POINT('',(3.74700270811E-16,1.,8.16));
#361 = CARTESIAN_POINT('',(-1.109452784502,1.,8.16));
#362 = CARTESIAN_POINT('',(-2.237637546912,1.,7.710637463739));
#363 = CARTESIAN_POINT('',(-3.183062439315,1.,6.785853781658));
#364 = CARTESIAN_POINT('',(-3.713357891159,1.,5.488231114404));
#365 = CARTESIAN_POINT('',(-3.70743427806,1.,4.079012728084));
#366 = CARTESIAN_POINT('',(-3.179587360607,1.,2.797340543382));
#367 = CARTESIAN_POINT('',(-2.251320498476,1.,1.872731043256));
#368 = CARTESIAN_POINT('',(-1.125737367536,1.,1.41));
#369 = CARTESIAN_POINT('',(1.125737367536,1.,1.41));
#370 = CARTESIAN_POINT('',(2.251320498476,1.,1.872731043256));
#371 = CARTESIAN_POINT('',(3.179587360607,1.,2.797340543382));
#372 = CARTESIAN_POINT('',(3.70743427806,1.,4.079012728084));
#373 = CARTESIAN_POINT('',(3.713357891159,1.,5.488231114404));
#374 = CARTESIAN_POINT('',(3.183062439315,1.,6.785853781658));
#375 = CARTESIAN_POINT('',(2.237637546912,1.,7.710637463739));
#376 = CARTESIAN_POINT('',(1.109452784502,1.,8.16));
#377 = CARTESIAN_POINT('',(3.74700270811E-16,1.,8.16));
#378 = CARTESIAN_POINT('',(1.235990476633E-16,1.45,8.16));
#379 = CARTESIAN_POINT('',(-1.109452784502,1.45,8.16));
#380 = CARTESIAN_POINT('',(-2.237637546912,1.45,7.710637463739));
#381 = CARTESIAN_POINT('',(-3.183062439315,1.45,6.785853781658));
#382 = CARTESIAN_POINT('',(-3.713357891159,1.45,5.488231114404));
#383 = CARTESIAN_POINT('',(-3.707434278059,1.45,4.079012728084));
#384 = CARTESIAN_POINT('',(-3.179587360607,1.45,2.797340543382));
#385 = CARTESIAN_POINT('',(-2.251320498476,1.45,1.872731043256));
#386 = CARTESIAN_POINT('',(-1.125737367536,1.45,1.41));
#387 = CARTESIAN_POINT('',(1.125737367536,1.45,1.41));
#388 = CARTESIAN_POINT('',(2.251320498476,1.45,1.872731043256));
#389 = CARTESIAN_POINT('',(3.179587360607,1.45,2.797340543382));
#390 = CARTESIAN_POINT('',(3.70743427806,1.45,4.079012728084));
#391 = CARTESIAN_POINT('',(3.713357891158,1.45,5.488231114404));
#392 = CARTESIAN_POINT('',(3.183062439315,1.45,6.785853781658));
#393 = CARTESIAN_POINT('',(2.237637546911,1.45,7.710637463739));
#394 = CARTESIAN_POINT('',(1.109452784502,1.45,8.16));
#395 = CARTESIAN_POINT('',(1.235990476633E-16,1.45,8.16));
#396 = CARTESIAN_POINT('',(3.247402347029E-16,1.45,7.71));
#397 = CARTESIAN_POINT('',(-0.947445076652,1.45,7.71));
#398 = CARTESIAN_POINT('',(-1.911071533232,1.45,7.326114982795));
#399 = CARTESIAN_POINT('',(-2.724813665149,1.45,6.537251372653));
#400 = CARTESIAN_POINT('',(-3.209527126304,1.45,5.4142333958));
#401 = CARTESIAN_POINT('',(-3.203371188414,1.45,4.153326079268));
#402 = CARTESIAN_POINT('',(-2.722578641846,1.45,3.044470187946));
#403 = CARTESIAN_POINT('',(-1.922703201379,1.45,2.255206022306));
#404 = CARTESIAN_POINT('',(-0.96135170543,1.45,1.86));
#405 = CARTESIAN_POINT('',(0.96135170543,1.45,1.86));
#406 = CARTESIAN_POINT('',(1.922703201379,1.45,2.255206022306));
#407 = CARTESIAN_POINT('',(2.722578641846,1.45,3.044470187946));
#408 = CARTESIAN_POINT('',(3.203371188414,1.45,4.153326079268));
#409 = CARTESIAN_POINT('',(3.209527126304,1.45,5.4142333958));
#410 = CARTESIAN_POINT('',(2.724813665149,1.45,6.537251372653));
#411 = CARTESIAN_POINT('',(1.911071533232,1.45,7.326114982795));
#412 = CARTESIAN_POINT('',(0.947445076652,1.45,7.71));
#413 = CARTESIAN_POINT('',(3.247402347029E-16,1.45,7.71));
#414 = DEFINITIONAL_REPRESENTATION('',(#415),#419);
#415 = LINE('',#416,#417);
#416 = CARTESIAN_POINT('',(-5.9705416697E-15,0.));
#417 = VECTOR('',#418,1.);
#418 = DIRECTION('',(-2.111751195329E-20,1.));
#419 = ( GEOMETRIC_REPRESENTATION_CONTEXT(2) 
PARAMETRIC_REPRESENTATION_CONTEXT() REPRESENTATION_CONTEXT('2D SPACE',''
  ) );
#420 = ORIENTED_EDGE('',*,*,#421,.T.);
#421 = EDGE_CURVE('',#307,#147,#422,.T.);
#422 = SURFACE_CURVE('',#423,(#434,#448),.PCURVE_S1.);
#423 = B_SPLINE_CURVE_WITH_KNOTS('',5,(#424,#425,#426,#427,#428,#429,
    #430,#431,#432,#433),.UNSPECIFIED.,.F.,.F.,(6,4,6),(0.,0.50190286604
    ,1.),.UNSPECIFIED.);
#424 = CARTESIAN_POINT('',(-1.51543338243,1.0000006,1.805824440143));
#425 = CARTESIAN_POINT('',(-1.5404130566,0.89984722932,1.819740479197));
#426 = CARTESIAN_POINT('',(-1.56166466789,0.799434150277,1.831947496832)
  );
#427 = CARTESIAN_POINT('',(-1.579492539176,0.698935420915,1.842404748593
    ));
#428 = CARTESIAN_POINT('',(-1.594113083831,0.59844764368,1.851105779561)
  );
#429 = CARTESIAN_POINT('',(-1.617148701107,0.39831104245,1.86494560267)
  );
#430 = CARTESIAN_POINT('',(-1.625609589209,0.298663938516,1.870110695218
    ));
#431 = CARTESIAN_POINT('',(-1.63120148093,0.19908338835,1.87354940714));
#432 = CARTESIAN_POINT('',(-1.633997370065,9.954221433771E-02,
    1.875269013686));
#433 = CARTESIAN_POINT('',(-1.633997356582,-6.E-07,1.875269005394));
#434 = PCURVE('',#211,#435);
#435 = DEFINITIONAL_REPRESENTATION('',(#436),#447);
#436 = B_SPLINE_CURVE_WITH_KNOTS('',5,(#437,#438,#439,#440,#441,#442,
    #443,#444,#445,#446),.UNSPECIFIED.,.F.,.F.,(6,4,6),(0.,0.50190286604
    ,1.),.UNSPECIFIED.);
#437 = CARTESIAN_POINT('',(8.935598406069,-1.0000006));
#438 = CARTESIAN_POINT('',(8.926823656493,-0.89984722932));
#439 = CARTESIAN_POINT('',(8.919307254665,-0.799434150277));
#440 = CARTESIAN_POINT('',(8.912970250053,-0.698935420915));
#441 = CARTESIAN_POINT('',(8.90775502435,-0.59844764368));
#442 = CARTESIAN_POINT('',(8.899518785937,-0.39831104245));
#443 = CARTESIAN_POINT('',(8.896481579911,-0.298663938516));
#444 = CARTESIAN_POINT('',(8.894470443707,-0.19908338835));
#445 = CARTESIAN_POINT('',(8.893464867535,-9.954221433771E-02));
#446 = CARTESIAN_POINT('',(8.893464872384,5.999999999062E-07));
#447 = ( GEOMETRIC_REPRESENTATION_CONTEXT(2) 
PARAMETRIC_REPRESENTATION_CONTEXT() REPRESENTATION_CONTEXT('2D SPACE',''
  ) );
#448 = PCURVE('',#176,#449);
#449 = DEFINITIONAL_REPRESENTATION('',(#450),#461);
#450 = B_SPLINE_CURVE_WITH_KNOTS('',5,(#451,#452,#453,#454,#455,#456,
    #457,#458,#459,#460),.UNSPECIFIED.,.F.,.F.,(6,4,6),(0.,0.50190286604
    ,1.),.UNSPECIFIED.);
#451 = CARTESIAN_POINT('',(2.558304885873,1.185495801521));
#452 = CARTESIAN_POINT('',(2.611923369282,1.193160348571));
#453 = CARTESIAN_POINT('',(2.667063072358,1.200064682238));
#454 = CARTESIAN_POINT('',(2.723721432632,1.206115423459));
#455 = CARTESIAN_POINT('',(2.781744535411,1.211233620472));
#456 = CARTESIAN_POINT('',(2.899509276277,1.219466079282));
#457 = CARTESIAN_POINT('',(2.959233275349,1.222595177994));
#458 = CARTESIAN_POINT('',(3.019754076657,1.224700043463));
#459 = CARTESIAN_POINT('',(3.080673207217,1.225752349349));
#460 = CARTESIAN_POINT('',(3.141593020787,1.225752344275));
#461 = ( GEOMETRIC_REPRESENTATION_CONTEXT(2) 
PARAMETRIC_REPRESENTATION_CONTEXT() REPRESENTATION_CONTEXT('2D SPACE',''
  ) );
#462 = ORIENTED_EDGE('',*,*,#195,.F.);
#463 = ORIENTED_EDGE('',*,*,#225,.F.);
#464 = ORIENTED_EDGE('',*,*,#465,.F.);
#465 = EDGE_CURVE('',#305,#226,#466,.T.);
#466 = SURFACE_CURVE('',#467,(#482,#500),.PCURVE_S1.);
#467 = B_SPLINE_CURVE_WITH_KNOTS('',5,(#468,#469,#470,#471,#472,#473,
    #474,#475,#476,#477,#478,#479,#480,#481),.UNSPECIFIED.,.F.,.F.,(6,4,
    4,6),(0.,0.499904979102,0.939956802458,1.),.UNSPECIFIED.);
#468 = CARTESIAN_POINT('',(1.51543338243,1.0000006,1.805824440143));
#469 = CARTESIAN_POINT('',(1.540313583861,0.90024605478,1.819685063482)
  );
#470 = CARTESIAN_POINT('',(1.561495353828,0.800233858276,1.831850250746)
  );
#471 = CARTESIAN_POINT('',(1.579279403289,0.700136006216,1.842279739027)
  );
#472 = CARTESIAN_POINT('',(1.593879891978,0.600048270101,1.850967017949)
  );
#473 = CARTESIAN_POINT('',(1.615623627265,0.411927625122,1.864028181763)
  );
#474 = CARTESIAN_POINT('',(1.623450149683,0.323887559701,1.868793856186)
  );
#475 = CARTESIAN_POINT('',(1.629023295734,0.235897320836,1.87221171466)
  );
#476 = CARTESIAN_POINT('',(1.632399503214,0.147942873604,1.874286586479)
  );
#477 = CARTESIAN_POINT('',(1.633753572086,4.799780548082E-02,
    1.875119082311));
#478 = CARTESIAN_POINT('',(1.633875472038,3.599822906326E-02,
    1.875194044412));
#479 = CARTESIAN_POINT('',(1.633956728402,2.399877750956E-02,
    1.875244018403));
#480 = CARTESIAN_POINT('',(1.633997356582,1.199938878108E-02,
    1.875269005394));
#481 = CARTESIAN_POINT('',(1.633997356582,-4.002139265094E-16,
    1.875269005394));
#482 = PCURVE('',#211,#483);
#483 = DEFINITIONAL_REPRESENTATION('',(#484),#499);
#484 = B_SPLINE_CURVE_WITH_KNOTS('',5,(#485,#486,#487,#488,#489,#490,
    #491,#492,#493,#494,#495,#496,#497,#498),.UNSPECIFIED.,.F.,.F.,(6,4,
    4,6),(0.,0.499904979102,0.939956802458,1.),.UNSPECIFIED.);
#485 = CARTESIAN_POINT('',(3.63077220829,-1.0000006));
#486 = CARTESIAN_POINT('',(3.639512015522,-0.90024605478));
#487 = CARTESIAN_POINT('',(3.647003476679,-0.800233858276));
#488 = CARTESIAN_POINT('',(3.653324605744,-0.700136006216));
#489 = CARTESIAN_POINT('',(3.658532411453,-0.600048270101));
#490 = CARTESIAN_POINT('',(3.666306377607,-0.411927625122));
#491 = CARTESIAN_POINT('',(3.669114068232,-0.323887559701));
#492 = CARTESIAN_POINT('',(3.671117053152,-0.235897320836));
#493 = CARTESIAN_POINT('',(3.672331102326,-0.147942873604));
#494 = CARTESIAN_POINT('',(3.672818063884,-4.799780548082E-02));
#495 = CARTESIAN_POINT('',(3.672861905092,-3.599822898842E-02));
#496 = CARTESIAN_POINT('',(3.672891129684,-2.399877747464E-02));
#497 = CARTESIAN_POINT('',(3.672905741951,-1.199938888086E-02));
#498 = CARTESIAN_POINT('',(3.672905741951,-9.978062820437E-11));
#499 = ( GEOMETRIC_REPRESENTATION_CONTEXT(2) 
PARAMETRIC_REPRESENTATION_CONTEXT() REPRESENTATION_CONTEXT('2D SPACE',''
  ) );
#500 = PCURVE('',#176,#501);
#501 = DEFINITIONAL_REPRESENTATION('',(#502),#517);
#502 = B_SPLINE_CURVE_WITH_KNOTS('',5,(#503,#504,#505,#506,#507,#508,
    #509,#510,#511,#512,#513,#514,#515,#516),.UNSPECIFIED.,.F.,.F.,(6,4,
    4,6),(0.,0.499904979102,0.939956802458,1.),.UNSPECIFIED.);
#503 = CARTESIAN_POINT('',(0.583287767716,1.185495801521));
#504 = CARTESIAN_POINT('',(0.529882800999,1.193129827216));
#505 = CARTESIAN_POINT('',(0.474968694612,1.200009682484));
#506 = CARTESIAN_POINT('',(0.418548020555,1.20604309891));
#507 = CARTESIAN_POINT('',(0.360772205297,1.211152006185));
#508 = CARTESIAN_POINT('',(0.250110971689,1.218919563735));
#509 = CARTESIAN_POINT('',(0.197468905126,1.221798297911));
#510 = CARTESIAN_POINT('',(0.144177748996,1.223882795312));
#511 = CARTESIAN_POINT('',(9.050071306903E-02,1.22515133087));
#512 = CARTESIAN_POINT('',(2.937152091009E-02,1.225660598442));
#513 = CARTESIAN_POINT('',(2.203003820785E-02,1.225706468447));
#514 = CARTESIAN_POINT('',(1.468715832963E-02,1.225737052332));
#515 = CARTESIAN_POINT('',(7.343579065623E-03,1.225752344275));
#516 = CARTESIAN_POINT('',(0.,1.225752344275));
#517 = ( GEOMETRIC_REPRESENTATION_CONTEXT(2) 
PARAMETRIC_REPRESENTATION_CONTEXT() REPRESENTATION_CONTEXT('2D SPACE',''
  ) );
#518 = ADVANCED_FACE('',(#519),#359,.T.);
#519 = FACE_BOUND('',#520,.T.);
#520 = EDGE_LOOP('',(#521,#581,#662,#663));
#521 = ORIENTED_EDGE('',*,*,#522,.T.);
#522 = EDGE_CURVE('',#523,#525,#527,.T.);
#523 = VERTEX_POINT('',#524);
#524 = CARTESIAN_POINT('',(0.507081433808,1.45,1.909271152718));
#525 = VERTEX_POINT('',#526);
#526 = CARTESIAN_POINT('',(-0.507081433808,1.45,1.909271152718));
#527 = SURFACE_CURVE('',#528,(#547,#554),.PCURVE_S1.);
#528 = ( BOUNDED_CURVE() B_SPLINE_CURVE(9,(#529,#530,#531,#532,#533,#534
    ,#535,#536,#537,#538,#539,#540,#541,#542,#543,#544,#545,#546),
.UNSPECIFIED.,.F.,.F.) B_SPLINE_CURVE_WITH_KNOTS((10,8,10),(
    10.979595086637,20.737198194614,30.494801302592),.UNSPECIFIED.) 
CURVE() GEOMETRIC_REPRESENTATION_ITEM() RATIONAL_B_SPLINE_CURVE((1.,1.,
    1.,1.,1.,1.,1.,1.,1.,1.,1.,1.,1.,1.,1.,1.,1.,1.)) 
REPRESENTATION_ITEM('') );
#529 = CARTESIAN_POINT('',(0.507081433808,1.45,1.909271152718));
#530 = CARTESIAN_POINT('',(1.397053265145,1.45,2.083689154716));
#531 = CARTESIAN_POINT('',(2.228323273815,1.45,2.602828509885));
#532 = CARTESIAN_POINT('',(2.867812946533,1.45,3.443273434378));
#533 = CARTESIAN_POINT('',(3.18847192881,1.45,4.519654672062));
#534 = CARTESIAN_POINT('',(3.088566496207,1.45,5.671921246085));
#535 = CARTESIAN_POINT('',(2.579430791972,1.45,6.67249424448));
#536 = CARTESIAN_POINT('',(1.797559458262,1.45,7.370024755377));
#537 = CARTESIAN_POINT('',(0.891614473451,1.45,7.71));
#538 = CARTESIAN_POINT('',(-0.891614473451,1.45,7.71));
#539 = CARTESIAN_POINT('',(-1.797559458262,1.45,7.370024755377));
#540 = CARTESIAN_POINT('',(-2.579430791972,1.45,6.672494244479));
#541 = CARTESIAN_POINT('',(-3.088566496207,1.45,5.671921246085));
#542 = CARTESIAN_POINT('',(-3.18847192881,1.45,4.519654672062));
#543 = CARTESIAN_POINT('',(-2.867812946533,1.45,3.443273434378));
#544 = CARTESIAN_POINT('',(-2.228323273815,1.45,2.602828509885));
#545 = CARTESIAN_POINT('',(-1.397053265145,1.45,2.083689154716));
#546 = CARTESIAN_POINT('',(-0.507081433808,1.45,1.909271152718));
#547 = PCURVE('',#359,#548);
#548 = DEFINITIONAL_REPRESENTATION('',(#549),#553);
#549 = LINE('',#550,#551);
#550 = CARTESIAN_POINT('',(20.737198194614,0.));
#551 = VECTOR('',#552,1.);
#552 = DIRECTION('',(4.733260547014E-15,1.));
#553 = ( GEOMETRIC_REPRESENTATION_CONTEXT(2) 
PARAMETRIC_REPRESENTATION_CONTEXT() REPRESENTATION_CONTEXT('2D SPACE',''
  ) );
#554 = PCURVE('',#555,#560);
#555 = PLANE('',#556);
#556 = AXIS2_PLACEMENT_3D('',#557,#558,#559);
#557 = CARTESIAN_POINT('',(1.96317360172E-16,1.45,4.804281395627));
#558 = DIRECTION('',(-0.,-1.,-0.));
#559 = DIRECTION('',(0.,0.,-1.));
#560 = DEFINITIONAL_REPRESENTATION('',(#561),#580);
#561 = ( BOUNDED_CURVE() B_SPLINE_CURVE(9,(#562,#563,#564,#565,#566,#567
    ,#568,#569,#570,#571,#572,#573,#574,#575,#576,#577,#578,#579),
.UNSPECIFIED.,.F.,.F.) B_SPLINE_CURVE_WITH_KNOTS((10,8,10),(
    10.979595086637,20.737198194614,30.494801302592),.UNSPECIFIED.) 
CURVE() GEOMETRIC_REPRESENTATION_ITEM() RATIONAL_B_SPLINE_CURVE((1.,1.,
    1.,1.,1.,1.,1.,1.,1.,1.,1.,1.,1.,1.,1.,1.,1.,1.)) 
REPRESENTATION_ITEM('') );
#562 = CARTESIAN_POINT('',(2.895010242909,0.507081433808));
#563 = CARTESIAN_POINT('',(2.720592240912,1.397053265145));
#564 = CARTESIAN_POINT('',(2.201452885743,2.228323273815));
#565 = CARTESIAN_POINT('',(1.36100796125,2.867812946533));
#566 = CARTESIAN_POINT('',(0.284626723565,3.18847192881));
#567 = CARTESIAN_POINT('',(-0.867639850458,3.088566496207));
#568 = CARTESIAN_POINT('',(-1.868212848852,2.579430791972));
#569 = CARTESIAN_POINT('',(-2.56574335975,1.797559458262));
#570 = CARTESIAN_POINT('',(-2.905718604373,0.891614473451));
#571 = CARTESIAN_POINT('',(-2.905718604373,-0.891614473451));
#572 = CARTESIAN_POINT('',(-2.56574335975,-1.797559458262));
#573 = CARTESIAN_POINT('',(-1.868212848852,-2.579430791972));
#574 = CARTESIAN_POINT('',(-0.867639850458,-3.088566496207));
#575 = CARTESIAN_POINT('',(0.284626723565,-3.18847192881));
#576 = CARTESIAN_POINT('',(1.36100796125,-2.867812946533));
#577 = CARTESIAN_POINT('',(2.201452885743,-2.228323273815));
#578 = CARTESIAN_POINT('',(2.720592240912,-1.397053265145));
#579 = CARTESIAN_POINT('',(2.895010242909,-0.507081433808));
#580 = ( GEOMETRIC_REPRESENTATION_CONTEXT(2) 
PARAMETRIC_REPRESENTATION_CONTEXT() REPRESENTATION_CONTEXT('2D SPACE',''
  ) );
#581 = ORIENTED_EDGE('',*,*,#582,.T.);
#582 = EDGE_CURVE('',#525,#307,#583,.T.);
#583 = SURFACE_CURVE('',#584,(#608,#635),.PCURVE_S1.);
#584 = B_SPLINE_CURVE_WITH_KNOTS('',8,(#585,#586,#587,#588,#589,#590,
    #591,#592,#593,#594,#595,#596,#597,#598,#599,#600,#601,#602,#603,
    #604,#605,#606,#607),.UNSPECIFIED.,.F.,.F.,(9,7,7,9),(0.,
    0.18600852614,0.593067457374,1.),.UNSPECIFIED.);
#585 = CARTESIAN_POINT('',(-0.507081433808,1.45,1.909271152718));
#586 = CARTESIAN_POINT('',(-0.555754815051,1.45,1.903882419822));
#587 = CARTESIAN_POINT('',(-0.60077146321,1.449454988916,1.898472814687)
  );
#588 = CARTESIAN_POINT('',(-0.643444446089,1.448331153671,1.893061913008
    ));
#589 = CARTESIAN_POINT('',(-0.684182008258,1.446598525404,1.887668114225
    ));
#590 = CARTESIAN_POINT('',(-0.723381216593,1.444230226535,1.88231085776)
  );
#591 = CARTESIAN_POINT('',(-0.761207135202,1.441203497252,1.877009751966
    ));
#592 = CARTESIAN_POINT('',(-0.797817148107,1.437499997149,1.871784912047
    ));
#593 = CARTESIAN_POINT('',(-0.910948696608,1.423491288254,1.855433303693
    ));
#594 = CARTESIAN_POINT('',(-0.983187062446,1.410572841674,1.844673754971
    ));
#595 = CARTESIAN_POINT('',(-1.050957477033,1.394216371661,1.834592491469
    ));
#596 = CARTESIAN_POINT('',(-1.114171867922,1.374413337848,1.825410532026
    ));
#597 = CARTESIAN_POINT('',(-1.172682488276,1.351318427707,1.817337242503
    ));
#598 = CARTESIAN_POINT('',(-1.226169224898,1.325273690127,1.810536501068
    ));
#599 = CARTESIAN_POINT('',(-1.274438142906,1.296753199318,1.805105817937
    ));
#600 = CARTESIAN_POINT('',(-1.36032029417,1.235852031273,1.797051028331)
  );
#601 = CARTESIAN_POINT('',(-1.397936220468,1.20347358323,1.794426161431)
  );
#602 = CARTESIAN_POINT('',(-1.430134706031,1.169703235924,1.793235674311
    ));
#603 = CARTESIAN_POINT('',(-1.456930588905,1.135151950625,1.793446834941
    ));
#604 = CARTESIAN_POINT('',(-1.478503485481,1.100425828699,1.794961193892
    ));
#605 = CARTESIAN_POINT('',(-1.495171932249,1.066059320379,1.797636027716
    ));
#606 = CARTESIAN_POINT('',(-1.507336352961,1.032476482869,1.801311025892
    ));
#607 = CARTESIAN_POINT('',(-1.515436516276,1.,1.80582351332));
#608 = PCURVE('',#359,#609);
#609 = DEFINITIONAL_REPRESENTATION('',(#610),#634);
#610 = B_SPLINE_CURVE_WITH_KNOTS('',8,(#611,#612,#613,#614,#615,#616,
    #617,#618,#619,#620,#621,#622,#623,#624,#625,#626,#627,#628,#629,
    #630,#631,#632,#633),.UNSPECIFIED.,.F.,.F.,(9,7,7,9),(0.,
    0.18600852614,0.593067457374,1.),.UNSPECIFIED.);
#611 = CARTESIAN_POINT('',(20.737198194614,30.494801302592));
#612 = CARTESIAN_POINT('',(20.259850588704,30.438938603356));
#613 = CARTESIAN_POINT('',(19.781393739383,30.388105325434));
#614 = CARTESIAN_POINT('',(19.302252306789,30.340634890359));
#615 = CARTESIAN_POINT('',(18.822598736491,30.29598957882));
#616 = CARTESIAN_POINT('',(18.342578586478,30.253643823079));
#617 = CARTESIAN_POINT('',(17.862251940628,30.213358319804));
#618 = CARTESIAN_POINT('',(17.381653954588,30.174900246672));
#619 = CARTESIAN_POINT('',(15.848428987875,30.057630571694));
#620 = CARTESIAN_POINT('',(14.794943,29.985186315689));
#621 = CARTESIAN_POINT('',(13.740646233597,29.919189960693));
#622 = CARTESIAN_POINT('',(12.685678240719,29.859250552051));
#623 = CARTESIAN_POINT('',(11.630150587961,29.804979450481));
#624 = CARTESIAN_POINT('',(10.574118507171,29.756204513446));
#625 = CARTESIAN_POINT('',(9.517629308818,29.712683829663));
#626 = CARTESIAN_POINT('',(7.404125329393,29.635693320999));
#627 = CARTESIAN_POINT('',(6.347141550014,29.602220640335));
#628 = CARTESIAN_POINT('',(5.289826659474,29.573525015897));
#629 = CARTESIAN_POINT('',(4.232234486658,29.549343786947));
#630 = CARTESIAN_POINT('',(3.174413246081,29.529370976575));
#631 = CARTESIAN_POINT('',(2.116407520561,29.513269706798));
#632 = CARTESIAN_POINT('',(1.058257991626,29.500694947195));
#633 = CARTESIAN_POINT('',(0.,29.491304319768));
#634 = ( GEOMETRIC_REPRESENTATION_CONTEXT(2) 
PARAMETRIC_REPRESENTATION_CONTEXT() REPRESENTATION_CONTEXT('2D SPACE',''
  ) );
#635 = PCURVE('',#176,#636);
#636 = DEFINITIONAL_REPRESENTATION('',(#637),#661);
#637 = B_SPLINE_CURVE_WITH_KNOTS('',8,(#638,#639,#640,#641,#642,#643,
    #644,#645,#646,#647,#648,#649,#650,#651,#652,#653,#654,#655,#656,
    #657,#658,#659,#660),.UNSPECIFIED.,.F.,.F.,(9,7,7,9),(0.,
    0.18600852614,0.593067457374,1.),.UNSPECIFIED.);
#638 = CARTESIAN_POINT('',(1.907213959262,1.247203259264));
#639 = CARTESIAN_POINT('',(1.937123883924,1.243695219096));
#640 = CARTESIAN_POINT('',(1.964188868588,1.240215526852));
#641 = CARTESIAN_POINT('',(1.989393797736,1.236775672882));
#642 = CARTESIAN_POINT('',(2.013078863365,1.233385636911));
#643 = CARTESIAN_POINT('',(2.035573371899,1.230055490223));
#644 = CARTESIAN_POINT('',(2.057041217962,1.226794840618));
#645 = CARTESIAN_POINT('',(2.077639402595,1.223613163571));
#646 = CARTESIAN_POINT('',(2.14088230265,1.2137495115));
#647 = CARTESIAN_POINT('',(2.180631508511,1.207402491881));
#648 = CARTESIAN_POINT('',(2.217859144972,1.201576154347));
#649 = CARTESIAN_POINT('',(2.25294862975,1.196363487326));
#650 = CARTESIAN_POINT('',(2.28621092996,1.191845601948));
#651 = CARTESIAN_POINT('',(2.31775424812,1.188079781952));
#652 = CARTESIAN_POINT('',(2.347661671738,1.185094218252));
#653 = CARTESIAN_POINT('',(2.404260002177,1.180686184039));
#654 = CARTESIAN_POINT('',(2.430951547415,1.179263289692));
#655 = CARTESIAN_POINT('',(2.45607455234,1.178622104911));
#656 = CARTESIAN_POINT('',(2.479629231564,1.178736167413));
#657 = CARTESIAN_POINT('',(2.501612931746,1.179553103577));
#658 = CARTESIAN_POINT('',(2.522034758776,1.181003276883));
#659 = CARTESIAN_POINT('',(2.54091937499,1.183009948169));
#660 = CARTESIAN_POINT('',(2.558306112342,1.185495291055));
#661 = ( GEOMETRIC_REPRESENTATION_CONTEXT(2) 
PARAMETRIC_REPRESENTATION_CONTEXT() REPRESENTATION_CONTEXT('2D SPACE',''
  ) );
#662 = ORIENTED_EDGE('',*,*,#304,.F.);
#663 = ORIENTED_EDGE('',*,*,#664,.F.);
#664 = EDGE_CURVE('',#523,#305,#665,.T.);
#665 = SURFACE_CURVE('',#666,(#690,#717),.PCURVE_S1.);
#666 = B_SPLINE_CURVE_WITH_KNOTS('',8,(#667,#668,#669,#670,#671,#672,
    #673,#674,#675,#676,#677,#678,#679,#680,#681,#682,#683,#684,#685,
    #686,#687,#688,#689),.UNSPECIFIED.,.F.,.F.,(9,7,7,9),(0.,
    0.186008526146,0.593067457378,1.),.UNSPECIFIED.);
#667 = CARTESIAN_POINT('',(0.507081433808,1.45,1.909271152718));
#668 = CARTESIAN_POINT('',(0.555754815051,1.45,1.903882419822));
#669 = CARTESIAN_POINT('',(0.600771463211,1.449454988916,1.898472814687)
  );
#670 = CARTESIAN_POINT('',(0.643444446085,1.448331153671,1.893061913009)
  );
#671 = CARTESIAN_POINT('',(0.684182008264,1.446598525404,1.887668114224)
  );
#672 = CARTESIAN_POINT('',(0.723381216587,1.444230226535,1.882310857761)
  );
#673 = CARTESIAN_POINT('',(0.761207135206,1.441203497252,1.877009751966)
  );
#674 = CARTESIAN_POINT('',(0.797817148106,1.437499997149,1.871784912047)
  );
#675 = CARTESIAN_POINT('',(0.910948696607,1.423491288254,1.855433303693)
  );
#676 = CARTESIAN_POINT('',(0.983187062449,1.410572841673,1.844673754971)
  );
#677 = CARTESIAN_POINT('',(1.050957477027,1.394216371662,1.83459249147)
  );
#678 = CARTESIAN_POINT('',(1.114171867928,1.374413337847,1.825410532025)
  );
#679 = CARTESIAN_POINT('',(1.172682488271,1.351318427709,1.817337242503)
  );
#680 = CARTESIAN_POINT('',(1.2261692249,1.325273690126,1.810536501068));
#681 = CARTESIAN_POINT('',(1.274438142906,1.296753199319,1.805105817937)
  );
#682 = CARTESIAN_POINT('',(1.36032029417,1.235852031273,1.797051028331)
  );
#683 = CARTESIAN_POINT('',(1.397936220468,1.20347358323,1.794426161431)
  );
#684 = CARTESIAN_POINT('',(1.430134706031,1.169703235924,1.793235674311)
  );
#685 = CARTESIAN_POINT('',(1.456930588905,1.135151950625,1.793446834941)
  );
#686 = CARTESIAN_POINT('',(1.478503485481,1.1004258287,1.794961193892));
#687 = CARTESIAN_POINT('',(1.495171932249,1.066059320379,1.797636027716)
  );
#688 = CARTESIAN_POINT('',(1.507336352961,1.032476482869,1.801311025892)
  );
#689 = CARTESIAN_POINT('',(1.515436516276,1.,1.80582351332));
#690 = PCURVE('',#359,#691);
#691 = DEFINITIONAL_REPRESENTATION('',(#692),#716);
#692 = B_SPLINE_CURVE_WITH_KNOTS('',8,(#693,#694,#695,#696,#697,#698,
    #699,#700,#701,#702,#703,#704,#705,#706,#707,#708,#709,#710,#711,
    #712,#713,#714,#715),.UNSPECIFIED.,.F.,.F.,(9,7,7,9),(0.,
    0.186008526146,0.593067457378,1.),.UNSPECIFIED.);
#693 = CARTESIAN_POINT('',(20.737198194614,10.979595086637));
#694 = CARTESIAN_POINT('',(20.259850588704,11.035457785872));
#695 = CARTESIAN_POINT('',(19.781393739368,11.086291063796));
#696 = CARTESIAN_POINT('',(19.302252306845,11.133761498865));
#697 = CARTESIAN_POINT('',(18.822598736392,11.178406810416));
#698 = CARTESIAN_POINT('',(18.342578586574,11.220752566142));
#699 = CARTESIAN_POINT('',(17.862251940577,11.261038069429));
#700 = CARTESIAN_POINT('',(17.381653954601,11.299496142555));
#701 = CARTESIAN_POINT('',(15.848428987885,11.416765817534));
#702 = CARTESIAN_POINT('',(14.794942999956,11.489210073542));
#703 = CARTESIAN_POINT('',(13.740646233692,11.555206428531));
#704 = CARTESIAN_POINT('',(12.685678240603,11.615145837183));
#705 = CARTESIAN_POINT('',(11.630150588045,11.669416938744));
#706 = CARTESIAN_POINT('',(10.574118507137,11.718191875784));
#707 = CARTESIAN_POINT('',(9.517629308825,11.761712559566));
#708 = CARTESIAN_POINT('',(7.404125329393,11.83870306823));
#709 = CARTESIAN_POINT('',(6.347141550014,11.872175748893));
#710 = CARTESIAN_POINT('',(5.289826659474,11.900871373332));
#711 = CARTESIAN_POINT('',(4.232234486658,11.925052602282));
#712 = CARTESIAN_POINT('',(3.17441324608,11.945025412654));
#713 = CARTESIAN_POINT('',(2.116407520561,11.961126682431));
#714 = CARTESIAN_POINT('',(1.058257991626,11.973701442034));
#715 = CARTESIAN_POINT('',(0.,11.983092069461));
#716 = ( GEOMETRIC_REPRESENTATION_CONTEXT(2) 
PARAMETRIC_REPRESENTATION_CONTEXT() REPRESENTATION_CONTEXT('2D SPACE',''
  ) );
#717 = PCURVE('',#176,#718);
#718 = DEFINITIONAL_REPRESENTATION('',(#719),#743);
#719 = B_SPLINE_CURVE_WITH_KNOTS('',8,(#720,#721,#722,#723,#724,#725,
    #726,#727,#728,#729,#730,#731,#732,#733,#734,#735,#736,#737,#738,
    #739,#740,#741,#742),.UNSPECIFIED.,.F.,.F.,(9,7,7,9),(0.,
    0.186008526146,0.593067457378,1.),.UNSPECIFIED.);
#720 = CARTESIAN_POINT('',(1.234378694328,1.247203259264));
#721 = CARTESIAN_POINT('',(1.204468769666,1.243695219096));
#722 = CARTESIAN_POINT('',(1.177403785001,1.240215526852));
#723 = CARTESIAN_POINT('',(1.152198855857,1.236775672882));
#724 = CARTESIAN_POINT('',(1.128513790219,1.23338563691));
#725 = CARTESIAN_POINT('',(1.106019281696,1.230055490224));
#726 = CARTESIAN_POINT('',(1.084551435625,1.226794840618));
#727 = CARTESIAN_POINT('',(1.063953250995,1.223613163571));
#728 = CARTESIAN_POINT('',(1.000710350941,1.213749511501));
#729 = CARTESIAN_POINT('',(0.960961145077,1.207402491881));
#730 = CARTESIAN_POINT('',(0.923733508622,1.201576154347));
#731 = CARTESIAN_POINT('',(0.888644023835,1.196363487326));
#732 = CARTESIAN_POINT('',(0.855381723633,1.191845601948));
#733 = CARTESIAN_POINT('',(0.823838405469,1.188079781952));
#734 = CARTESIAN_POINT('',(0.793930981852,1.185094218252));
#735 = CARTESIAN_POINT('',(0.737332651412,1.180686184039));
#736 = CARTESIAN_POINT('',(0.710641106175,1.179263289692));
#737 = CARTESIAN_POINT('',(0.68551810125,1.178622104911));
#738 = CARTESIAN_POINT('',(0.661963422026,1.178736167413));
#739 = CARTESIAN_POINT('',(0.639979721844,1.179553103577));
#740 = CARTESIAN_POINT('',(0.619557894814,1.181003276883));
#741 = CARTESIAN_POINT('',(0.6006732786,1.183009948169));
#742 = CARTESIAN_POINT('',(0.583286541248,1.185495291055));
#743 = ( GEOMETRIC_REPRESENTATION_CONTEXT(2) 
PARAMETRIC_REPRESENTATION_CONTEXT() REPRESENTATION_CONTEXT('2D SPACE',''
  ) );
#744 = ADVANCED_FACE('',(#745,#783),#555,.F.);
#745 = FACE_BOUND('',#746,.F.);
#746 = EDGE_LOOP('',(#747,#748));
#747 = ORIENTED_EDGE('',*,*,#522,.T.);
#748 = ORIENTED_EDGE('',*,*,#749,.F.);
#749 = EDGE_CURVE('',#523,#525,#750,.T.);
#750 = SURFACE_CURVE('',#751,(#756,#763),.PCURVE_S1.);
#751 = CIRCLE('',#752,4.608164780542);
#752 = AXIS2_PLACEMENT_3D('',#753,#754,#755);
#753 = CARTESIAN_POINT('',(0.,1.45,-2.670909090909));
#754 = DIRECTION('',(0.,-1.,-0.));
#755 = DIRECTION('',(0.,0.,-1.));
#756 = PCURVE('',#555,#757);
#757 = DEFINITIONAL_REPRESENTATION('',(#758),#762);
#758 = CIRCLE('',#759,4.608164780542);
#759 = AXIS2_PLACEMENT_2D('',#760,#761);
#760 = CARTESIAN_POINT('',(7.475190486537,-1.96317360172E-16));
#761 = DIRECTION('',(1.,0.));
#762 = ( GEOMETRIC_REPRESENTATION_CONTEXT(2) 
PARAMETRIC_REPRESENTATION_CONTEXT() REPRESENTATION_CONTEXT('2D SPACE',''
  ) );
#763 = PCURVE('',#176,#764);
#764 = DEFINITIONAL_REPRESENTATION('',(#765),#782);
#765 = B_SPLINE_CURVE_WITH_KNOTS('',8,(#766,#767,#768,#769,#770,#771,
    #772,#773,#774,#775,#776,#777,#778,#779,#780,#781),.UNSPECIFIED.,.F.
  ,.F.,(9,7,9),(2.958224103039,3.14159265359,3.32496120414),
  .UNSPECIFIED.);
#766 = CARTESIAN_POINT('',(1.045591860085,1.216526059181));
#767 = CARTESIAN_POINT('',(1.099209384569,1.228018452137));
#768 = CARTESIAN_POINT('',(1.156895079571,1.238295620823));
#769 = CARTESIAN_POINT('',(1.218675971934,1.247199539147));
#770 = CARTESIAN_POINT('',(1.284367078879,1.254563287011));
#771 = CARTESIAN_POINT('',(1.353499204331,1.260221397469));
#772 = CARTESIAN_POINT('',(1.42510812528,1.264037645982));
#773 = CARTESIAN_POINT('',(1.497952146062,1.265945854058));
#774 = CARTESIAN_POINT('',(1.643640507528,1.265945854058));
#775 = CARTESIAN_POINT('',(1.716484528308,1.264037645982));
#776 = CARTESIAN_POINT('',(1.788093449267,1.260221397466));
#777 = CARTESIAN_POINT('',(1.857225574695,1.254563287016));
#778 = CARTESIAN_POINT('',(1.922916681662,1.247199539145));
#779 = CARTESIAN_POINT('',(1.984697574018,1.238295620824));
#780 = CARTESIAN_POINT('',(2.042383269021,1.228018452137));
#781 = CARTESIAN_POINT('',(2.096000793505,1.216526059181));
#782 = ( GEOMETRIC_REPRESENTATION_CONTEXT(2) 
PARAMETRIC_REPRESENTATION_CONTEXT() REPRESENTATION_CONTEXT('2D SPACE',''
  ) );
#783 = FACE_BOUND('',#784,.F.);
#784 = EDGE_LOOP('',(#785));
#785 = ORIENTED_EDGE('',*,*,#786,.F.);
#786 = EDGE_CURVE('',#787,#787,#789,.T.);
#787 = VERTEX_POINT('',#788);
#788 = CARTESIAN_POINT('',(1.954788076334E-17,1.45,7.3849926781));
#789 = SURFACE_CURVE('',#790,(#813,#839),.PCURVE_S1.);
#790 = ( BOUNDED_CURVE() B_SPLINE_CURVE(11,(#791,#792,#793,#794,#795,
    #796,#797,#798,#799,#800,#801,#802,#803,#804,#805,#806,#807,#808,
    #809,#810,#811,#812),.UNSPECIFIED.,.T.,.F.) 
B_SPLINE_CURVE_WITH_KNOTS((12,10,12),(2.57928743784E-16,6.52094453402,
13.041889068039),.UNSPECIFIED.) CURVE() GEOMETRIC_REPRESENTATION_ITEM() 
RATIONAL_B_SPLINE_CURVE((1.,1.,1.,1.000000000001,0.999999999999,
    1.000000000002,0.999999999998,1.000000000001,0.999999999999,1.,1.,1.
    ,1.,0.999999999999,1.000000000002,0.999999999998,1.000000000002,
0.999999999998,1.000000000001,1.,1.,1.)) REPRESENTATION_ITEM('') );
#791 = CARTESIAN_POINT('',(1.954788076334E-17,1.45,7.3849926781));
#792 = CARTESIAN_POINT('',(-0.699095988205,1.45,7.3849926781));
#793 = CARTESIAN_POINT('',(-1.407594187159,1.45,7.152238564586));
#794 = CARTESIAN_POINT('',(-2.040382534401,1.45,6.676924673057));
#795 = CARTESIAN_POINT('',(-2.497899865024,1.45,5.991883550982));
#796 = CARTESIAN_POINT('',(-2.73266523749,1.45,5.205370244237));
#797 = CARTESIAN_POINT('',(-2.732842963362,1.45,4.36519901958));
#798 = CARTESIAN_POINT('',(-2.494976346414,1.45,3.582489723258));
#799 = CARTESIAN_POINT('',(-2.044154029233,1.45,2.903295090511));
#800 = CARTESIAN_POINT('',(-1.418567241671,1.45,2.424601534576));
#801 = CARTESIAN_POINT('',(-0.709357341214,1.45,2.1849926781));
#802 = CARTESIAN_POINT('',(0.709357341214,1.45,2.1849926781));
#803 = CARTESIAN_POINT('',(1.418567241671,1.45,2.424601534577));
#804 = CARTESIAN_POINT('',(2.044154029233,1.45,2.90329509051));
#805 = CARTESIAN_POINT('',(2.494976346414,1.45,3.582489723258));
#806 = CARTESIAN_POINT('',(2.732842963362,1.45,4.36519901958));
#807 = CARTESIAN_POINT('',(2.73266523749,1.45,5.205370244236));
#808 = CARTESIAN_POINT('',(2.497899865023,1.45,5.991883550983));
#809 = CARTESIAN_POINT('',(2.040382534402,1.45,6.676924673057));
#810 = CARTESIAN_POINT('',(1.407594187159,1.45,7.152238564586));
#811 = CARTESIAN_POINT('',(0.699095988205,1.45,7.3849926781));
#812 = CARTESIAN_POINT('',(1.954788076334E-17,1.45,7.3849926781));
#813 = PCURVE('',#555,#814);
#814 = DEFINITIONAL_REPRESENTATION('',(#815),#838);
#815 = B_SPLINE_CURVE_WITH_KNOTS('',11,(#816,#817,#818,#819,#820,#821,
    #822,#823,#824,#825,#826,#827,#828,#829,#830,#831,#832,#833,#834,
    #835,#836,#837),.UNSPECIFIED.,.F.,.F.,(12,10,12),(2.57928743784E-16,
    6.52094453402,13.041889068039),.UNSPECIFIED.);
#816 = CARTESIAN_POINT('',(-2.580711282472,-8.881784197001E-16));
#817 = CARTESIAN_POINT('',(-2.580711282472,-0.699095988205));
#818 = CARTESIAN_POINT('',(-2.347957168958,-1.407594187159));
#819 = CARTESIAN_POINT('',(-1.872643277431,-2.040382534403));
#820 = CARTESIAN_POINT('',(-1.187602155353,-2.497899865021));
#821 = CARTESIAN_POINT('',(-0.40108884861,-2.732665237494));
#822 = CARTESIAN_POINT('',(0.439082376048,-2.732842963358));
#823 = CARTESIAN_POINT('',(1.221791672371,-2.494976346416));
#824 = CARTESIAN_POINT('',(1.900986305116,-2.044154029232));
#825 = CARTESIAN_POINT('',(2.379679861052,-1.418567241671));
#826 = CARTESIAN_POINT('',(2.619288717528,-0.709357341214));
#827 = CARTESIAN_POINT('',(2.619288717528,0.709357341214));
#828 = CARTESIAN_POINT('',(2.379679861052,1.418567241671));
#829 = CARTESIAN_POINT('',(1.900986305116,2.044154029231));
#830 = CARTESIAN_POINT('',(1.221791672372,2.494976346418));
#831 = CARTESIAN_POINT('',(0.439082376047,2.732842963357));
#832 = CARTESIAN_POINT('',(-0.401088848609,2.732665237495));
#833 = CARTESIAN_POINT('',(-1.187602155353,2.49789986502));
#834 = CARTESIAN_POINT('',(-1.872643277431,2.040382534403));
#835 = CARTESIAN_POINT('',(-2.347957168958,1.407594187159));
#836 = CARTESIAN_POINT('',(-2.580711282472,0.699095988205));
#837 = CARTESIAN_POINT('',(-2.580711282472,5.329070518201E-15));
#838 = ( GEOMETRIC_REPRESENTATION_CONTEXT(2) 
PARAMETRIC_REPRESENTATION_CONTEXT() REPRESENTATION_CONTEXT('2D SPACE',''
  ) );
#839 = PCURVE('',#840,#907);
#840 = ( BOUNDED_SURFACE() B_SPLINE_SURFACE(2,11,(
    (#841,#842,#843,#844,#845,#846,#847,#848,#849,#850,#851,#852,#853
      ,#854,#855,#856,#857,#858,#859,#860,#861,#862)
    ,(#863,#864,#865,#866,#867,#868,#869,#870,#871,#872,#873,#874,#875
      ,#876,#877,#878,#879,#880,#881,#882,#883,#884)
    ,(#885,#886,#887,#888,#889,#890,#891,#892,#893,#894,#895,#896,#897
      ,#898,#899,#900,#901,#902,#903,#904,#905,#906
)),.UNSPECIFIED.,.F.,.T.,.F.) B_SPLINE_SURFACE_WITH_KNOTS((3,3),(12,10,
    12),(0.,13.041889068039),(2.57928743784E-16,6.52094453402,
13.041889068039),.UNSPECIFIED.) GEOMETRIC_REPRESENTATION_ITEM() 
RATIONAL_B_SPLINE_SURFACE((
    (1.,1.,1.,1.000000000001,0.999999999999,1.000000000002
      ,0.999999999998,1.000000000001,0.999999999999,1.,1.,1.,1.
      ,0.999999999999,1.000000000002,0.999999999998,1.000000000002
      ,0.999999999998,1.000000000001,1.,1.,1.)
    ,(0.707106781187,0.707106781187,0.707106781186,0.707106781187
      ,0.707106781186,0.707106781188,0.707106781186,0.707106781187
      ,0.707106781186,0.707106781187,0.707106781187,0.707106781187
      ,0.707106781187,0.707106781186,0.707106781188,0.707106781185
      ,0.707106781188,0.707106781185,0.707106781187,0.707106781186
      ,0.707106781187,0.707106781187)
    ,(1.,1.,1.,1.000000000001,0.999999999999,1.000000000002
      ,0.999999999998,1.000000000001,0.999999999999,1.,1.,1.,1.
      ,0.999999999999,1.000000000002,0.999999999998,1.000000000002
,0.999999999998,1.000000000001,1.,1.,1.
))) REPRESENTATION_ITEM('') SURFACE() );
#841 = CARTESIAN_POINT('',(1.954788076334E-17,1.45,7.3849926781));
#842 = CARTESIAN_POINT('',(-0.699095988205,1.45,7.3849926781));
#843 = CARTESIAN_POINT('',(-1.407594187159,1.45,7.152238564586));
#844 = CARTESIAN_POINT('',(-2.040382534401,1.45,6.676924673057));
#845 = CARTESIAN_POINT('',(-2.497899865024,1.45,5.991883550982));
#846 = CARTESIAN_POINT('',(-2.73266523749,1.45,5.205370244237));
#847 = CARTESIAN_POINT('',(-2.732842963362,1.45,4.36519901958));
#848 = CARTESIAN_POINT('',(-2.494976346414,1.45,3.582489723258));
#849 = CARTESIAN_POINT('',(-2.044154029233,1.45,2.903295090511));
#850 = CARTESIAN_POINT('',(-1.418567241671,1.45,2.424601534576));
#851 = CARTESIAN_POINT('',(-0.709357341214,1.45,2.1849926781));
#852 = CARTESIAN_POINT('',(0.709357341214,1.45,2.1849926781));
#853 = CARTESIAN_POINT('',(1.418567241671,1.45,2.424601534577));
#854 = CARTESIAN_POINT('',(2.044154029233,1.45,2.90329509051));
#855 = CARTESIAN_POINT('',(2.494976346414,1.45,3.582489723258));
#856 = CARTESIAN_POINT('',(2.732842963362,1.45,4.36519901958));
#857 = CARTESIAN_POINT('',(2.73266523749,1.45,5.205370244236));
#858 = CARTESIAN_POINT('',(2.497899865023,1.45,5.991883550983));
#859 = CARTESIAN_POINT('',(2.040382534402,1.45,6.676924673057));
#860 = CARTESIAN_POINT('',(1.407594187159,1.45,7.152238564586));
#861 = CARTESIAN_POINT('',(0.699095988205,1.45,7.3849926781));
#862 = CARTESIAN_POINT('',(1.954788076334E-17,1.45,7.3849926781));
#863 = CARTESIAN_POINT('',(-5.737597896793E-16,1.45,6.9349926781));
#864 = CARTESIAN_POINT('',(-0.562935873743,1.45,6.9349926781));
#865 = CARTESIAN_POINT('',(-1.133565989156,1.45,6.747623321455));
#866 = CARTESIAN_POINT('',(-1.647654217471,1.45,6.364392237978));
#867 = CARTESIAN_POINT('',(-2.036187576446,1.45,5.808427695907));
#868 = CARTESIAN_POINT('',(-2.241597647156,1.45,5.138054630796));
#869 = CARTESIAN_POINT('',(-2.240694491945,1.45,4.432143013926));
#870 = CARTESIAN_POINT('',(-2.034293007826,1.45,3.765858990569));
#871 = CARTESIAN_POINT('',(-1.650938920014,1.45,3.213745925067));
#872 = CARTESIAN_POINT('',(-1.142400310559,1.45,2.82789331973));
#873 = CARTESIAN_POINT('',(-0.571198664289,1.45,2.6349926781));
#874 = CARTESIAN_POINT('',(0.571198664289,1.45,2.6349926781));
#875 = CARTESIAN_POINT('',(1.142400310559,1.45,2.82789331973));
#876 = CARTESIAN_POINT('',(1.650938920014,1.45,3.213745925066));
#877 = CARTESIAN_POINT('',(2.034293007825,1.45,3.765858990569));
#878 = CARTESIAN_POINT('',(2.240694491946,1.45,4.432143013926));
#879 = CARTESIAN_POINT('',(2.241597647156,1.45,5.138054630796));
#880 = CARTESIAN_POINT('',(2.036187576447,1.45,5.808427695907));
#881 = CARTESIAN_POINT('',(1.647654217471,1.45,6.364392237977));
#882 = CARTESIAN_POINT('',(1.133565989155,1.45,6.747623321455));
#883 = CARTESIAN_POINT('',(0.562935873743,1.45,6.9349926781));
#884 = CARTESIAN_POINT('',(5.392387925074E-15,1.45,6.9349926781));
#885 = CARTESIAN_POINT('',(-3.04121553448E-17,1.,6.9349926781));
#886 = CARTESIAN_POINT('',(-0.562935873743,1.,6.9349926781));
#887 = CARTESIAN_POINT('',(-1.133565989156,1.,6.747623321455));
#888 = CARTESIAN_POINT('',(-1.64765421747,1.,6.364392237978));
#889 = CARTESIAN_POINT('',(-2.036187576447,1.,5.808427695906));
#890 = CARTESIAN_POINT('',(-2.241597647156,1.,5.138054630797));
#891 = CARTESIAN_POINT('',(-2.240694491946,1.,4.432143013925));
#892 = CARTESIAN_POINT('',(-2.034293007825,1.,3.76585899057));
#893 = CARTESIAN_POINT('',(-1.650938920014,1.,3.213745925066));
#894 = CARTESIAN_POINT('',(-1.142400310559,1.,2.82789331973));
#895 = CARTESIAN_POINT('',(-0.571198664289,1.,2.6349926781));
#896 = CARTESIAN_POINT('',(0.571198664289,1.,2.6349926781));
#897 = CARTESIAN_POINT('',(1.142400310559,1.,2.82789331973));
#898 = CARTESIAN_POINT('',(1.650938920014,1.,3.213745925066));
#899 = CARTESIAN_POINT('',(2.034293007824,1.,3.765858990569));
#900 = CARTESIAN_POINT('',(2.240694491947,1.,4.432143013926));
#901 = CARTESIAN_POINT('',(2.241597647155,1.,5.138054630796));
#902 = CARTESIAN_POINT('',(2.036187576448,1.,5.808427695907));
#903 = CARTESIAN_POINT('',(1.64765421747,1.,6.364392237977));
#904 = CARTESIAN_POINT('',(1.133565989156,1.,6.747623321455));
#905 = CARTESIAN_POINT('',(0.562935873743,1.,6.9349926781));
#906 = CARTESIAN_POINT('',(4.594465643141E-16,1.,6.9349926781));
#907 = DEFINITIONAL_REPRESENTATION('',(#908),#912);
#908 = LINE('',#909,#910);
#909 = CARTESIAN_POINT('',(0.,0.));
#910 = VECTOR('',#911,1.);
#911 = DIRECTION('',(0.,1.));
#912 = ( GEOMETRIC_REPRESENTATION_CONTEXT(2) 
PARAMETRIC_REPRESENTATION_CONTEXT() REPRESENTATION_CONTEXT('2D SPACE',''
  ) );
#913 = ADVANCED_FACE('',(#914),#840,.T.);
#914 = FACE_BOUND('',#915,.T.);
#915 = EDGE_LOOP('',(#916,#937,#1004,#1005));
#916 = ORIENTED_EDGE('',*,*,#917,.T.);
#917 = EDGE_CURVE('',#787,#918,#920,.T.);
#918 = VERTEX_POINT('',#919);
#919 = CARTESIAN_POINT('',(-3.04121553448E-17,1.,6.9349926781));
#920 = SEAM_CURVE('',#921,(#925,#931),.PCURVE_S1.);
#921 = ( BOUNDED_CURVE() B_SPLINE_CURVE(2,(#922,#923,#924),
.UNSPECIFIED.,.F.,.F.) B_SPLINE_CURVE_WITH_KNOTS((3,3),(0.,
13.041889068039),.PIECEWISE_BEZIER_KNOTS.) CURVE() 
GEOMETRIC_REPRESENTATION_ITEM() RATIONAL_B_SPLINE_CURVE((1.,
0.707106781187,1.)) REPRESENTATION_ITEM('') );
#922 = CARTESIAN_POINT('',(1.954788076334E-17,1.45,7.3849926781));
#923 = CARTESIAN_POINT('',(-5.737597896793E-16,1.45,6.9349926781));
#924 = CARTESIAN_POINT('',(-3.04121553448E-17,1.,6.9349926781));
#925 = PCURVE('',#840,#926);
#926 = DEFINITIONAL_REPRESENTATION('',(#927),#930);
#927 = B_SPLINE_CURVE_WITH_KNOTS('',1,(#928,#929),.UNSPECIFIED.,.F.,.F.,
  (2,2),(0.,13.041889068039),.PIECEWISE_BEZIER_KNOTS.);
#928 = CARTESIAN_POINT('',(0.,2.57928743784E-16));
#929 = CARTESIAN_POINT('',(13.041889068039,2.57928743784E-16));
#930 = ( GEOMETRIC_REPRESENTATION_CONTEXT(2) 
PARAMETRIC_REPRESENTATION_CONTEXT() REPRESENTATION_CONTEXT('2D SPACE',''
  ) );
#931 = PCURVE('',#840,#932);
#932 = DEFINITIONAL_REPRESENTATION('',(#933),#936);
#933 = B_SPLINE_CURVE_WITH_KNOTS('',1,(#934,#935),.UNSPECIFIED.,.F.,.F.,
  (2,2),(0.,13.041889068039),.PIECEWISE_BEZIER_KNOTS.);
#934 = CARTESIAN_POINT('',(0.,13.041889068039));
#935 = CARTESIAN_POINT('',(13.041889068039,13.041889068039));
#936 = ( GEOMETRIC_REPRESENTATION_CONTEXT(2) 
PARAMETRIC_REPRESENTATION_CONTEXT() REPRESENTATION_CONTEXT('2D SPACE',''
  ) );
#937 = ORIENTED_EDGE('',*,*,#938,.T.);
#938 = EDGE_CURVE('',#918,#918,#939,.T.);
#939 = SURFACE_CURVE('',#940,(#963,#970),.PCURVE_S1.);
#940 = ( BOUNDED_CURVE() B_SPLINE_CURVE(11,(#941,#942,#943,#944,#945,
    #946,#947,#948,#949,#950,#951,#952,#953,#954,#955,#956,#957,#958,
    #959,#960,#961,#962),.UNSPECIFIED.,.T.,.F.) 
B_SPLINE_CURVE_WITH_KNOTS((12,10,12),(2.57928743784E-16,6.52094453402,
13.041889068039),.UNSPECIFIED.) CURVE() GEOMETRIC_REPRESENTATION_ITEM() 
RATIONAL_B_SPLINE_CURVE((1.,1.,1.,1.000000000001,0.999999999999,
    1.000000000002,0.999999999998,1.000000000001,0.999999999999,1.,1.,1.
    ,1.,0.999999999999,1.000000000002,0.999999999998,1.000000000002,
0.999999999998,1.000000000001,1.,1.,1.)) REPRESENTATION_ITEM('') );
#941 = CARTESIAN_POINT('',(-3.04121553448E-17,1.,6.9349926781));
#942 = CARTESIAN_POINT('',(-0.562935873743,1.,6.9349926781));
#943 = CARTESIAN_POINT('',(-1.133565989156,1.,6.747623321455));
#944 = CARTESIAN_POINT('',(-1.64765421747,1.,6.364392237978));
#945 = CARTESIAN_POINT('',(-2.036187576447,1.,5.808427695906));
#946 = CARTESIAN_POINT('',(-2.241597647156,1.,5.138054630797));
#947 = CARTESIAN_POINT('',(-2.240694491946,1.,4.432143013925));
#948 = CARTESIAN_POINT('',(-2.034293007825,1.,3.76585899057));
#949 = CARTESIAN_POINT('',(-1.650938920014,1.,3.213745925066));
#950 = CARTESIAN_POINT('',(-1.142400310559,1.,2.82789331973));
#951 = CARTESIAN_POINT('',(-0.571198664289,1.,2.6349926781));
#952 = CARTESIAN_POINT('',(0.571198664289,1.,2.6349926781));
#953 = CARTESIAN_POINT('',(1.142400310559,1.,2.82789331973));
#954 = CARTESIAN_POINT('',(1.650938920014,1.,3.213745925066));
#955 = CARTESIAN_POINT('',(2.034293007824,1.,3.765858990569));
#956 = CARTESIAN_POINT('',(2.240694491947,1.,4.432143013926));
#957 = CARTESIAN_POINT('',(2.241597647155,1.,5.138054630796));
#958 = CARTESIAN_POINT('',(2.036187576448,1.,5.808427695907));
#959 = CARTESIAN_POINT('',(1.64765421747,1.,6.364392237977));
#960 = CARTESIAN_POINT('',(1.133565989156,1.,6.747623321455));
#961 = CARTESIAN_POINT('',(0.562935873743,1.,6.9349926781));
#962 = CARTESIAN_POINT('',(4.594465643141E-16,1.,6.9349926781));
#963 = PCURVE('',#840,#964);
#964 = DEFINITIONAL_REPRESENTATION('',(#965),#969);
#965 = LINE('',#966,#967);
#966 = CARTESIAN_POINT('',(13.041889068039,0.));
#967 = VECTOR('',#968,1.);
#968 = DIRECTION('',(0.,1.));
#969 = ( GEOMETRIC_REPRESENTATION_CONTEXT(2) 
PARAMETRIC_REPRESENTATION_CONTEXT() REPRESENTATION_CONTEXT('2D SPACE',''
  ) );
#970 = PCURVE('',#971,#979);
#971 = SURFACE_OF_LINEAR_EXTRUSION('',#972,#977);
#972 = ELLIPSE('',#973,2.15,2.);
#973 = AXIS2_PLACEMENT_3D('',#974,#975,#976);
#974 = CARTESIAN_POINT('',(-2.691101056392E-16,0.,4.7849926781));
#975 = DIRECTION('',(0.,-1.,0.));
#976 = DIRECTION('',(1.110223024625E-16,0.,1.));
#977 = VECTOR('',#978,1.);
#978 = DIRECTION('',(0.,-1.,0.));
#979 = DEFINITIONAL_REPRESENTATION('',(#980),#1003);
#980 = B_SPLINE_CURVE_WITH_KNOTS('',11,(#981,#982,#983,#984,#985,#986,
    #987,#988,#989,#990,#991,#992,#993,#994,#995,#996,#997,#998,#999,
    #1000,#1001,#1002),.UNSPECIFIED.,.F.,.F.,(12,10,12),(
    2.57928743784E-16,6.52094453402,13.041889068039),.UNSPECIFIED.);
#981 = CARTESIAN_POINT('',(-2.22044604925E-16,-1.));
#982 = CARTESIAN_POINT('',(0.281467936872,-1.));
#983 = CARTESIAN_POINT('',(0.566780268291,-1.));
#984 = CARTESIAN_POINT('',(0.853826319342,-1.000000000001));
#985 = CARTESIAN_POINT('',(1.141010657714,-0.999999999999));
#986 = CARTESIAN_POINT('',(1.427556280275,-1.000000000002));
#987 = CARTESIAN_POINT('',(1.713524372133,-0.999999999998));
#988 = CARTESIAN_POINT('',(1.99919485667,-1.000000000001));
#989 = CARTESIAN_POINT('',(2.28479477331,-0.999999999999));
#990 = CARTESIAN_POINT('',(2.570393973971,-1.));
#991 = CARTESIAN_POINT('',(2.855993321445,-1.));
#992 = CARTESIAN_POINT('',(3.427191985734,-1.));
#993 = CARTESIAN_POINT('',(3.712791333211,-1.));
#994 = CARTESIAN_POINT('',(3.998390533865,-0.999999999999));
#995 = CARTESIAN_POINT('',(4.283990450518,-1.000000000001));
#996 = CARTESIAN_POINT('',(4.569660935035,-0.999999999998));
#997 = CARTESIAN_POINT('',(4.855629026916,-1.000000000002));
#998 = CARTESIAN_POINT('',(5.142174649457,-0.999999999999));
#999 = CARTESIAN_POINT('',(5.429358987842,-1.000000000001));
#1000 = CARTESIAN_POINT('',(5.716405038887,-1.));
#1001 = CARTESIAN_POINT('',(6.001717370308,-1.));
#1002 = CARTESIAN_POINT('',(6.28318530718,-1.));
#1003 = ( GEOMETRIC_REPRESENTATION_CONTEXT(2) 
PARAMETRIC_REPRESENTATION_CONTEXT() REPRESENTATION_CONTEXT('2D SPACE',''
  ) );
#1004 = ORIENTED_EDGE('',*,*,#917,.F.);
#1005 = ORIENTED_EDGE('',*,*,#786,.F.);
#1006 = ADVANCED_FACE('',(#1007),#971,.F.);
#1007 = FACE_BOUND('',#1008,.F.);
#1008 = EDGE_LOOP('',(#1009,#1032,#1033,#1034));
#1009 = ORIENTED_EDGE('',*,*,#1010,.T.);
#1010 = EDGE_CURVE('',#1011,#918,#1013,.T.);
#1011 = VERTEX_POINT('',#1012);
#1012 = CARTESIAN_POINT('',(-3.04121553448E-17,0.,6.9349926781));
#1013 = SEAM_CURVE('',#1014,(#1018,#1025),.PCURVE_S1.);
#1014 = LINE('',#1015,#1016);
#1015 = CARTESIAN_POINT('',(-3.04121553448E-17,0.,6.9349926781));
#1016 = VECTOR('',#1017,1.);
#1017 = DIRECTION('',(-0.,1.,-0.));
#1018 = PCURVE('',#971,#1019);
#1019 = DEFINITIONAL_REPRESENTATION('',(#1020),#1024);
#1020 = LINE('',#1021,#1022);
#1021 = CARTESIAN_POINT('',(0.,0.));
#1022 = VECTOR('',#1023,1.);
#1023 = DIRECTION('',(0.,-1.));
#1024 = ( GEOMETRIC_REPRESENTATION_CONTEXT(2) 
PARAMETRIC_REPRESENTATION_CONTEXT() REPRESENTATION_CONTEXT('2D SPACE',''
  ) );
#1025 = PCURVE('',#971,#1026);
#1026 = DEFINITIONAL_REPRESENTATION('',(#1027),#1031);
#1027 = LINE('',#1028,#1029);
#1028 = CARTESIAN_POINT('',(6.28318530718,0.));
#1029 = VECTOR('',#1030,1.);
#1030 = DIRECTION('',(0.,-1.));
#1031 = ( GEOMETRIC_REPRESENTATION_CONTEXT(2) 
PARAMETRIC_REPRESENTATION_CONTEXT() REPRESENTATION_CONTEXT('2D SPACE',''
  ) );
#1032 = ORIENTED_EDGE('',*,*,#938,.T.);
#1033 = ORIENTED_EDGE('',*,*,#1010,.F.);
#1034 = ORIENTED_EDGE('',*,*,#1035,.F.);
#1035 = EDGE_CURVE('',#1011,#1011,#1036,.T.);
#1036 = SURFACE_CURVE('',#1037,(#1042,#1048),.PCURVE_S1.);
#1037 = ELLIPSE('',#1038,2.15,2.);
#1038 = AXIS2_PLACEMENT_3D('',#1039,#1040,#1041);
#1039 = CARTESIAN_POINT('',(-2.691101056392E-16,0.,4.7849926781));
#1040 = DIRECTION('',(0.,-1.,0.));
#1041 = DIRECTION('',(1.110223024625E-16,0.,1.));
#1042 = PCURVE('',#971,#1043);
#1043 = DEFINITIONAL_REPRESENTATION('',(#1044),#1047);
#1044 = B_SPLINE_CURVE_WITH_KNOTS('',1,(#1045,#1046),.UNSPECIFIED.,.F.,
  .F.,(2,2),(0.,6.28318530718),.PIECEWISE_BEZIER_KNOTS.);
#1045 = CARTESIAN_POINT('',(0.,0.));
#1046 = CARTESIAN_POINT('',(6.28318530718,0.));
#1047 = ( GEOMETRIC_REPRESENTATION_CONTEXT(2) 
PARAMETRIC_REPRESENTATION_CONTEXT() REPRESENTATION_CONTEXT('2D SPACE',''
  ) );
#1048 = PCURVE('',#1049,#1057);
#1049 = SURFACE_OF_LINEAR_EXTRUSION('',#1050,#1055);
#1050 = ELLIPSE('',#1051,2.15,2.);
#1051 = AXIS2_PLACEMENT_3D('',#1052,#1053,#1054);
#1052 = CARTESIAN_POINT('',(-2.691101056392E-16,0.,4.7849926781));
#1053 = DIRECTION('',(0.,-1.,0.));
#1054 = DIRECTION('',(1.110223024625E-16,0.,1.));
#1055 = VECTOR('',#1056,1.);
#1056 = DIRECTION('',(-0.,1.,-0.));
#1057 = DEFINITIONAL_REPRESENTATION('',(#1058),#1062);
#1058 = LINE('',#1059,#1060);
#1059 = CARTESIAN_POINT('',(0.,0.));
#1060 = VECTOR('',#1061,1.);
#1061 = DIRECTION('',(1.,0.));
#1062 = ( GEOMETRIC_REPRESENTATION_CONTEXT(2) 
PARAMETRIC_REPRESENTATION_CONTEXT() REPRESENTATION_CONTEXT('2D SPACE',''
  ) );
#1063 = ADVANCED_FACE('',(#1064),#1049,.T.);
#1064 = FACE_BOUND('',#1065,.T.);
#1065 = EDGE_LOOP('',(#1066,#1089,#1215,#1216));
#1066 = ORIENTED_EDGE('',*,*,#1067,.T.);
#1067 = EDGE_CURVE('',#1011,#1068,#1070,.T.);
#1068 = VERTEX_POINT('',#1069);
#1069 = CARTESIAN_POINT('',(-3.04121553448E-17,-1.,6.9349926781));
#1070 = SEAM_CURVE('',#1071,(#1075,#1082),.PCURVE_S1.);
#1071 = LINE('',#1072,#1073);
#1072 = CARTESIAN_POINT('',(-3.04121553448E-17,0.,6.9349926781));
#1073 = VECTOR('',#1074,1.);
#1074 = DIRECTION('',(0.,-1.,0.));
#1075 = PCURVE('',#1049,#1076);
#1076 = DEFINITIONAL_REPRESENTATION('',(#1077),#1081);
#1077 = LINE('',#1078,#1079);
#1078 = CARTESIAN_POINT('',(0.,0.));
#1079 = VECTOR('',#1080,1.);
#1080 = DIRECTION('',(0.,-1.));
#1081 = ( GEOMETRIC_REPRESENTATION_CONTEXT(2) 
PARAMETRIC_REPRESENTATION_CONTEXT() REPRESENTATION_CONTEXT('2D SPACE',''
  ) );
#1082 = PCURVE('',#1049,#1083);
#1083 = DEFINITIONAL_REPRESENTATION('',(#1084),#1088);
#1084 = LINE('',#1085,#1086);
#1085 = CARTESIAN_POINT('',(6.28318530718,0.));
#1086 = VECTOR('',#1087,1.);
#1087 = DIRECTION('',(0.,-1.));
#1088 = ( GEOMETRIC_REPRESENTATION_CONTEXT(2) 
PARAMETRIC_REPRESENTATION_CONTEXT() REPRESENTATION_CONTEXT('2D SPACE',''
  ) );
#1089 = ORIENTED_EDGE('',*,*,#1090,.T.);
#1090 = EDGE_CURVE('',#1068,#1068,#1091,.T.);
#1091 = SURFACE_CURVE('',#1092,(#1115,#1141),.PCURVE_S1.);
#1092 = ( BOUNDED_CURVE() B_SPLINE_CURVE(11,(#1093,#1094,#1095,#1096,
    #1097,#1098,#1099,#1100,#1101,#1102,#1103,#1104,#1105,#1106,#1107,
    #1108,#1109,#1110,#1111,#1112,#1113,#1114),.UNSPECIFIED.,.T.,.F.) 
B_SPLINE_CURVE_WITH_KNOTS((12,10,12),(2.57928743784E-16,6.52094453402,
13.041889068039),.UNSPECIFIED.) CURVE() GEOMETRIC_REPRESENTATION_ITEM() 
RATIONAL_B_SPLINE_CURVE((1.,1.,1.,1.000000000001,0.999999999999,
    1.000000000002,0.999999999998,1.000000000001,0.999999999999,1.,1.,1.
    ,1.,0.999999999999,1.000000000002,0.999999999998,1.000000000002,
0.999999999998,1.000000000001,1.,1.,1.)) REPRESENTATION_ITEM('') );
#1093 = CARTESIAN_POINT('',(-3.04121553448E-17,-1.,6.9349926781));
#1094 = CARTESIAN_POINT('',(-0.562935873743,-1.,6.9349926781));
#1095 = CARTESIAN_POINT('',(-1.133565989156,-1.,6.747623321455));
#1096 = CARTESIAN_POINT('',(-1.64765421747,-1.,6.364392237978));
#1097 = CARTESIAN_POINT('',(-2.036187576447,-1.,5.808427695906));
#1098 = CARTESIAN_POINT('',(-2.241597647156,-1.,5.138054630797));
#1099 = CARTESIAN_POINT('',(-2.240694491946,-1.,4.432143013925));
#1100 = CARTESIAN_POINT('',(-2.034293007825,-1.,3.76585899057));
#1101 = CARTESIAN_POINT('',(-1.650938920014,-1.,3.213745925066));
#1102 = CARTESIAN_POINT('',(-1.142400310559,-1.,2.82789331973));
#1103 = CARTESIAN_POINT('',(-0.571198664289,-1.,2.6349926781));
#1104 = CARTESIAN_POINT('',(0.571198664289,-1.,2.6349926781));
#1105 = CARTESIAN_POINT('',(1.142400310559,-1.,2.82789331973));
#1106 = CARTESIAN_POINT('',(1.650938920014,-1.,3.213745925066));
#1107 = CARTESIAN_POINT('',(2.034293007824,-1.,3.765858990569));
#1108 = CARTESIAN_POINT('',(2.240694491947,-1.,4.432143013926));
#1109 = CARTESIAN_POINT('',(2.241597647155,-1.,5.138054630796));
#1110 = CARTESIAN_POINT('',(2.036187576448,-1.,5.808427695907));
#1111 = CARTESIAN_POINT('',(1.64765421747,-1.,6.364392237977));
#1112 = CARTESIAN_POINT('',(1.133565989156,-1.,6.747623321455));
#1113 = CARTESIAN_POINT('',(0.562935873743,-1.,6.9349926781));
#1114 = CARTESIAN_POINT('',(4.594465643141E-16,-1.,6.9349926781));
#1115 = PCURVE('',#1049,#1116);
#1116 = DEFINITIONAL_REPRESENTATION('',(#1117),#1140);
#1117 = B_SPLINE_CURVE_WITH_KNOTS('',11,(#1118,#1119,#1120,#1121,#1122,
    #1123,#1124,#1125,#1126,#1127,#1128,#1129,#1130,#1131,#1132,#1133,
    #1134,#1135,#1136,#1137,#1138,#1139),.UNSPECIFIED.,.F.,.F.,(12,10,12
    ),(2.57928743784E-16,6.52094453402,13.041889068039),.UNSPECIFIED.);
#1118 = CARTESIAN_POINT('',(-2.22044604925E-16,-1.));
#1119 = CARTESIAN_POINT('',(0.281467936872,-1.));
#1120 = CARTESIAN_POINT('',(0.566780268291,-1.));
#1121 = CARTESIAN_POINT('',(0.853826319342,-1.000000000001));
#1122 = CARTESIAN_POINT('',(1.141010657714,-0.999999999999));
#1123 = CARTESIAN_POINT('',(1.427556280275,-1.000000000002));
#1124 = CARTESIAN_POINT('',(1.713524372133,-0.999999999998));
#1125 = CARTESIAN_POINT('',(1.99919485667,-1.000000000001));
#1126 = CARTESIAN_POINT('',(2.28479477331,-0.999999999999));
#1127 = CARTESIAN_POINT('',(2.570393973971,-1.));
#1128 = CARTESIAN_POINT('',(2.855993321445,-1.));
#1129 = CARTESIAN_POINT('',(3.427191985734,-1.));
#1130 = CARTESIAN_POINT('',(3.712791333211,-1.));
#1131 = CARTESIAN_POINT('',(3.998390533865,-0.999999999999));
#1132 = CARTESIAN_POINT('',(4.283990450518,-1.000000000001));
#1133 = CARTESIAN_POINT('',(4.569660935035,-0.999999999998));
#1134 = CARTESIAN_POINT('',(4.855629026916,-1.000000000002));
#1135 = CARTESIAN_POINT('',(5.142174649457,-0.999999999999));
#1136 = CARTESIAN_POINT('',(5.429358987842,-1.000000000001));
#1137 = CARTESIAN_POINT('',(5.716405038887,-1.));
#1138 = CARTESIAN_POINT('',(6.001717370308,-1.));
#1139 = CARTESIAN_POINT('',(6.28318530718,-1.));
#1140 = ( GEOMETRIC_REPRESENTATION_CONTEXT(2) 
PARAMETRIC_REPRESENTATION_CONTEXT() REPRESENTATION_CONTEXT('2D SPACE',''
  ) );
#1141 = PCURVE('',#1142,#1209);
#1142 = ( BOUNDED_SURFACE() B_SPLINE_SURFACE(2,11,(
    (#1143,#1144,#1145,#1146,#1147,#1148,#1149,#1150,#1151,#1152,#1153
      ,#1154,#1155,#1156,#1157,#1158,#1159,#1160,#1161,#1162,#1163,#1164
      )
    ,(#1165,#1166,#1167,#1168,#1169,#1170,#1171,#1172,#1173,#1174,#1175
      ,#1176,#1177,#1178,#1179,#1180,#1181,#1182,#1183,#1184,#1185,#1186
      )
    ,(#1187,#1188,#1189,#1190,#1191,#1192,#1193,#1194,#1195,#1196,#1197
      ,#1198,#1199,#1200,#1201,#1202,#1203,#1204,#1205,#1206,#1207,#1208
)),.UNSPECIFIED.,.F.,.T.,.F.) B_SPLINE_SURFACE_WITH_KNOTS((3,3),(12,10,
    12),(0.,13.041889068039),(2.57928743784E-16,6.52094453402,
13.041889068039),.UNSPECIFIED.) GEOMETRIC_REPRESENTATION_ITEM() 
RATIONAL_B_SPLINE_SURFACE((
    (1.,1.,1.,1.000000000001,0.999999999999,1.000000000002
      ,0.999999999998,1.000000000001,0.999999999999,1.,1.,1.,1.
      ,0.999999999999,1.000000000002,0.999999999998,1.000000000002
      ,0.999999999998,1.000000000001,1.,1.,1.)
    ,(0.707106781187,0.707106781187,0.707106781186,0.707106781187
      ,0.707106781186,0.707106781188,0.707106781186,0.707106781187
      ,0.707106781186,0.707106781187,0.707106781187,0.707106781187
      ,0.707106781187,0.707106781186,0.707106781188,0.707106781185
      ,0.707106781188,0.707106781185,0.707106781187,0.707106781186
      ,0.707106781187,0.707106781187)
    ,(1.,1.,1.,1.000000000001,0.999999999999,1.000000000002
      ,0.999999999998,1.000000000001,0.999999999999,1.,1.,1.,1.
      ,0.999999999999,1.000000000002,0.999999999998,1.000000000002
,0.999999999998,1.000000000001,1.,1.,1.
))) REPRESENTATION_ITEM('') SURFACE() );
#1143 = CARTESIAN_POINT('',(1.954788076334E-17,-1.45,7.3849926781));
#1144 = CARTESIAN_POINT('',(-0.699095988205,-1.45,7.3849926781));
#1145 = CARTESIAN_POINT('',(-1.407594187159,-1.45,7.152238564586));
#1146 = CARTESIAN_POINT('',(-2.040382534401,-1.45,6.676924673057));
#1147 = CARTESIAN_POINT('',(-2.497899865024,-1.45,5.991883550982));
#1148 = CARTESIAN_POINT('',(-2.73266523749,-1.45,5.205370244237));
#1149 = CARTESIAN_POINT('',(-2.732842963362,-1.45,4.36519901958));
#1150 = CARTESIAN_POINT('',(-2.494976346414,-1.45,3.582489723258));
#1151 = CARTESIAN_POINT('',(-2.044154029233,-1.45,2.903295090511));
#1152 = CARTESIAN_POINT('',(-1.418567241671,-1.45,2.424601534576));
#1153 = CARTESIAN_POINT('',(-0.709357341214,-1.45,2.1849926781));
#1154 = CARTESIAN_POINT('',(0.709357341214,-1.45,2.1849926781));
#1155 = CARTESIAN_POINT('',(1.418567241671,-1.45,2.424601534577));
#1156 = CARTESIAN_POINT('',(2.044154029233,-1.45,2.90329509051));
#1157 = CARTESIAN_POINT('',(2.494976346414,-1.45,3.582489723258));
#1158 = CARTESIAN_POINT('',(2.732842963362,-1.45,4.36519901958));
#1159 = CARTESIAN_POINT('',(2.73266523749,-1.45,5.205370244236));
#1160 = CARTESIAN_POINT('',(2.497899865023,-1.45,5.991883550983));
#1161 = CARTESIAN_POINT('',(2.040382534402,-1.45,6.676924673057));
#1162 = CARTESIAN_POINT('',(1.407594187159,-1.45,7.152238564586));
#1163 = CARTESIAN_POINT('',(0.699095988205,-1.45,7.3849926781));
#1164 = CARTESIAN_POINT('',(1.954788076334E-17,-1.45,7.3849926781));
#1165 = CARTESIAN_POINT('',(-5.737597896793E-16,-1.45,6.9349926781));
#1166 = CARTESIAN_POINT('',(-0.562935873743,-1.45,6.9349926781));
#1167 = CARTESIAN_POINT('',(-1.133565989156,-1.45,6.747623321455));
#1168 = CARTESIAN_POINT('',(-1.647654217471,-1.45,6.364392237978));
#1169 = CARTESIAN_POINT('',(-2.036187576446,-1.45,5.808427695907));
#1170 = CARTESIAN_POINT('',(-2.241597647156,-1.45,5.138054630796));
#1171 = CARTESIAN_POINT('',(-2.240694491945,-1.45,4.432143013926));
#1172 = CARTESIAN_POINT('',(-2.034293007826,-1.45,3.765858990569));
#1173 = CARTESIAN_POINT('',(-1.650938920014,-1.45,3.213745925067));
#1174 = CARTESIAN_POINT('',(-1.142400310559,-1.45,2.82789331973));
#1175 = CARTESIAN_POINT('',(-0.571198664289,-1.45,2.6349926781));
#1176 = CARTESIAN_POINT('',(0.571198664289,-1.45,2.6349926781));
#1177 = CARTESIAN_POINT('',(1.142400310559,-1.45,2.82789331973));
#1178 = CARTESIAN_POINT('',(1.650938920014,-1.45,3.213745925066));
#1179 = CARTESIAN_POINT('',(2.034293007825,-1.45,3.765858990569));
#1180 = CARTESIAN_POINT('',(2.240694491946,-1.45,4.432143013926));
#1181 = CARTESIAN_POINT('',(2.241597647156,-1.45,5.138054630796));
#1182 = CARTESIAN_POINT('',(2.036187576447,-1.45,5.808427695907));
#1183 = CARTESIAN_POINT('',(1.647654217471,-1.45,6.364392237977));
#1184 = CARTESIAN_POINT('',(1.133565989155,-1.45,6.747623321455));
#1185 = CARTESIAN_POINT('',(0.562935873743,-1.45,6.9349926781));
#1186 = CARTESIAN_POINT('',(5.392387925074E-15,-1.45,6.9349926781));
#1187 = CARTESIAN_POINT('',(-3.04121553448E-17,-1.,6.9349926781));
#1188 = CARTESIAN_POINT('',(-0.562935873743,-1.,6.9349926781));
#1189 = CARTESIAN_POINT('',(-1.133565989156,-1.,6.747623321455));
#1190 = CARTESIAN_POINT('',(-1.64765421747,-1.,6.364392237978));
#1191 = CARTESIAN_POINT('',(-2.036187576447,-1.,5.808427695906));
#1192 = CARTESIAN_POINT('',(-2.241597647156,-1.,5.138054630797));
#1193 = CARTESIAN_POINT('',(-2.240694491946,-1.,4.432143013925));
#1194 = CARTESIAN_POINT('',(-2.034293007825,-1.,3.76585899057));
#1195 = CARTESIAN_POINT('',(-1.650938920014,-1.,3.213745925066));
#1196 = CARTESIAN_POINT('',(-1.142400310559,-1.,2.82789331973));
#1197 = CARTESIAN_POINT('',(-0.571198664289,-1.,2.6349926781));
#1198 = CARTESIAN_POINT('',(0.571198664289,-1.,2.6349926781));
#1199 = CARTESIAN_POINT('',(1.142400310559,-1.,2.82789331973));
#1200 = CARTESIAN_POINT('',(1.650938920014,-1.,3.213745925066));
#1201 = CARTESIAN_POINT('',(2.034293007824,-1.,3.765858990569));
#1202 = CARTESIAN_POINT('',(2.240694491947,-1.,4.432143013926));
#1203 = CARTESIAN_POINT('',(2.241597647155,-1.,5.138054630796));
#1204 = CARTESIAN_POINT('',(2.036187576448,-1.,5.808427695907));
#1205 = CARTESIAN_POINT('',(1.64765421747,-1.,6.364392237977));
#1206 = CARTESIAN_POINT('',(1.133565989156,-1.,6.747623321455));
#1207 = CARTESIAN_POINT('',(0.562935873743,-1.,6.9349926781));
#1208 = CARTESIAN_POINT('',(4.594465643141E-16,-1.,6.9349926781));
#1209 = DEFINITIONAL_REPRESENTATION('',(#1210),#1214);
#1210 = LINE('',#1211,#1212);
#1211 = CARTESIAN_POINT('',(13.041889068039,0.));
#1212 = VECTOR('',#1213,1.);
#1213 = DIRECTION('',(0.,1.));
#1214 = ( GEOMETRIC_REPRESENTATION_CONTEXT(2) 
PARAMETRIC_REPRESENTATION_CONTEXT() REPRESENTATION_CONTEXT('2D SPACE',''
  ) );
#1215 = ORIENTED_EDGE('',*,*,#1067,.F.);
#1216 = ORIENTED_EDGE('',*,*,#1035,.F.);
#1217 = ADVANCED_FACE('',(#1218),#1142,.F.);
#1218 = FACE_BOUND('',#1219,.F.);
#1219 = EDGE_LOOP('',(#1220,#1241,#1242,#1243));
#1220 = ORIENTED_EDGE('',*,*,#1221,.T.);
#1221 = EDGE_CURVE('',#1222,#1068,#1224,.T.);
#1222 = VERTEX_POINT('',#1223);
#1223 = CARTESIAN_POINT('',(1.954788076334E-17,-1.45,7.3849926781));
#1224 = SEAM_CURVE('',#1225,(#1229,#1235),.PCURVE_S1.);
#1225 = ( BOUNDED_CURVE() B_SPLINE_CURVE(2,(#1226,#1227,#1228),
.UNSPECIFIED.,.F.,.F.) B_SPLINE_CURVE_WITH_KNOTS((3,3),(0.,
13.041889068039),.PIECEWISE_BEZIER_KNOTS.) CURVE() 
GEOMETRIC_REPRESENTATION_ITEM() RATIONAL_B_SPLINE_CURVE((1.,
0.707106781187,1.)) REPRESENTATION_ITEM('') );
#1226 = CARTESIAN_POINT('',(1.954788076334E-17,-1.45,7.3849926781));
#1227 = CARTESIAN_POINT('',(-5.737597896793E-16,-1.45,6.9349926781));
#1228 = CARTESIAN_POINT('',(-3.04121553448E-17,-1.,6.9349926781));
#1229 = PCURVE('',#1142,#1230);
#1230 = DEFINITIONAL_REPRESENTATION('',(#1231),#1234);
#1231 = B_SPLINE_CURVE_WITH_KNOTS('',1,(#1232,#1233),.UNSPECIFIED.,.F.,
  .F.,(2,2),(0.,13.041889068039),.PIECEWISE_BEZIER_KNOTS.);
#1232 = CARTESIAN_POINT('',(0.,2.57928743784E-16));
#1233 = CARTESIAN_POINT('',(13.041889068039,2.57928743784E-16));
#1234 = ( GEOMETRIC_REPRESENTATION_CONTEXT(2) 
PARAMETRIC_REPRESENTATION_CONTEXT() REPRESENTATION_CONTEXT('2D SPACE',''
  ) );
#1235 = PCURVE('',#1142,#1236);
#1236 = DEFINITIONAL_REPRESENTATION('',(#1237),#1240);
#1237 = B_SPLINE_CURVE_WITH_KNOTS('',1,(#1238,#1239),.UNSPECIFIED.,.F.,
  .F.,(2,2),(0.,13.041889068039),.PIECEWISE_BEZIER_KNOTS.);
#1238 = CARTESIAN_POINT('',(0.,13.041889068039));
#1239 = CARTESIAN_POINT('',(13.041889068039,13.041889068039));
#1240 = ( GEOMETRIC_REPRESENTATION_CONTEXT(2) 
PARAMETRIC_REPRESENTATION_CONTEXT() REPRESENTATION_CONTEXT('2D SPACE',''
  ) );
#1241 = ORIENTED_EDGE('',*,*,#1090,.T.);
#1242 = ORIENTED_EDGE('',*,*,#1221,.F.);
#1243 = ORIENTED_EDGE('',*,*,#1244,.F.);
#1244 = EDGE_CURVE('',#1222,#1222,#1245,.T.);
#1245 = SURFACE_CURVE('',#1246,(#1269,#1276),.PCURVE_S1.);
#1246 = ( BOUNDED_CURVE() B_SPLINE_CURVE(11,(#1247,#1248,#1249,#1250,
    #1251,#1252,#1253,#1254,#1255,#1256,#1257,#1258,#1259,#1260,#1261,
    #1262,#1263,#1264,#1265,#1266,#1267,#1268),.UNSPECIFIED.,.T.,.F.) 
B_SPLINE_CURVE_WITH_KNOTS((12,10,12),(2.57928743784E-16,6.52094453402,
13.041889068039),.UNSPECIFIED.) CURVE() GEOMETRIC_REPRESENTATION_ITEM() 
RATIONAL_B_SPLINE_CURVE((1.,1.,1.,1.000000000001,0.999999999999,
    1.000000000002,0.999999999998,1.000000000001,0.999999999999,1.,1.,1.
    ,1.,0.999999999999,1.000000000002,0.999999999998,1.000000000002,
0.999999999998,1.000000000001,1.,1.,1.)) REPRESENTATION_ITEM('') );
#1247 = CARTESIAN_POINT('',(1.954788076334E-17,-1.45,7.3849926781));
#1248 = CARTESIAN_POINT('',(-0.699095988205,-1.45,7.3849926781));
#1249 = CARTESIAN_POINT('',(-1.407594187159,-1.45,7.152238564586));
#1250 = CARTESIAN_POINT('',(-2.040382534401,-1.45,6.676924673057));
#1251 = CARTESIAN_POINT('',(-2.497899865024,-1.45,5.991883550982));
#1252 = CARTESIAN_POINT('',(-2.73266523749,-1.45,5.205370244237));
#1253 = CARTESIAN_POINT('',(-2.732842963362,-1.45,4.36519901958));
#1254 = CARTESIAN_POINT('',(-2.494976346414,-1.45,3.582489723258));
#1255 = CARTESIAN_POINT('',(-2.044154029233,-1.45,2.903295090511));
#1256 = CARTESIAN_POINT('',(-1.418567241671,-1.45,2.424601534576));
#1257 = CARTESIAN_POINT('',(-0.709357341214,-1.45,2.1849926781));
#1258 = CARTESIAN_POINT('',(0.709357341214,-1.45,2.1849926781));
#1259 = CARTESIAN_POINT('',(1.418567241671,-1.45,2.424601534577));
#1260 = CARTESIAN_POINT('',(2.044154029233,-1.45,2.90329509051));
#1261 = CARTESIAN_POINT('',(2.494976346414,-1.45,3.582489723258));
#1262 = CARTESIAN_POINT('',(2.732842963362,-1.45,4.36519901958));
#1263 = CARTESIAN_POINT('',(2.73266523749,-1.45,5.205370244236));
#1264 = CARTESIAN_POINT('',(2.497899865023,-1.45,5.991883550983));
#1265 = CARTESIAN_POINT('',(2.040382534402,-1.45,6.676924673057));
#1266 = CARTESIAN_POINT('',(1.407594187159,-1.45,7.152238564586));
#1267 = CARTESIAN_POINT('',(0.699095988205,-1.45,7.3849926781));
#1268 = CARTESIAN_POINT('',(1.954788076334E-17,-1.45,7.3849926781));
#1269 = PCURVE('',#1142,#1270);
#1270 = DEFINITIONAL_REPRESENTATION('',(#1271),#1275);
#1271 = LINE('',#1272,#1273);
#1272 = CARTESIAN_POINT('',(0.,0.));
#1273 = VECTOR('',#1274,1.);
#1274 = DIRECTION('',(0.,1.));
#1275 = ( GEOMETRIC_REPRESENTATION_CONTEXT(2) 
PARAMETRIC_REPRESENTATION_CONTEXT() REPRESENTATION_CONTEXT('2D SPACE',''
  ) );
#1276 = PCURVE('',#1277,#1282);
#1277 = PLANE('',#1278);
#1278 = AXIS2_PLACEMENT_3D('',#1279,#1280,#1281);
#1279 = CARTESIAN_POINT('',(1.96317360172E-16,-1.45,4.804281395627));
#1280 = DIRECTION('',(-0.,-1.,-0.));
#1281 = DIRECTION('',(0.,0.,-1.));
#1282 = DEFINITIONAL_REPRESENTATION('',(#1283),#1306);
#1283 = B_SPLINE_CURVE_WITH_KNOTS('',11,(#1284,#1285,#1286,#1287,#1288,
    #1289,#1290,#1291,#1292,#1293,#1294,#1295,#1296,#1297,#1298,#1299,
    #1300,#1301,#1302,#1303,#1304,#1305),.UNSPECIFIED.,.F.,.F.,(12,10,12
    ),(2.57928743784E-16,6.52094453402,13.041889068039),.UNSPECIFIED.);
#1284 = CARTESIAN_POINT('',(-2.580711282472,-8.881784197001E-16));
#1285 = CARTESIAN_POINT('',(-2.580711282472,-0.699095988205));
#1286 = CARTESIAN_POINT('',(-2.347957168958,-1.407594187159));
#1287 = CARTESIAN_POINT('',(-1.872643277431,-2.040382534403));
#1288 = CARTESIAN_POINT('',(-1.187602155353,-2.497899865021));
#1289 = CARTESIAN_POINT('',(-0.40108884861,-2.732665237494));
#1290 = CARTESIAN_POINT('',(0.439082376048,-2.732842963358));
#1291 = CARTESIAN_POINT('',(1.221791672371,-2.494976346416));
#1292 = CARTESIAN_POINT('',(1.900986305116,-2.044154029232));
#1293 = CARTESIAN_POINT('',(2.379679861052,-1.418567241671));
#1294 = CARTESIAN_POINT('',(2.619288717528,-0.709357341214));
#1295 = CARTESIAN_POINT('',(2.619288717528,0.709357341214));
#1296 = CARTESIAN_POINT('',(2.379679861052,1.418567241671));
#1297 = CARTESIAN_POINT('',(1.900986305116,2.044154029231));
#1298 = CARTESIAN_POINT('',(1.221791672372,2.494976346418));
#1299 = CARTESIAN_POINT('',(0.439082376047,2.732842963357));
#1300 = CARTESIAN_POINT('',(-0.401088848609,2.732665237495));
#1301 = CARTESIAN_POINT('',(-1.187602155353,2.49789986502));
#1302 = CARTESIAN_POINT('',(-1.872643277431,2.040382534403));
#1303 = CARTESIAN_POINT('',(-2.347957168958,1.407594187159));
#1304 = CARTESIAN_POINT('',(-2.580711282472,0.699095988205));
#1305 = CARTESIAN_POINT('',(-2.580711282472,5.329070518201E-15));
#1306 = ( GEOMETRIC_REPRESENTATION_CONTEXT(2) 
PARAMETRIC_REPRESENTATION_CONTEXT() REPRESENTATION_CONTEXT('2D SPACE',''
  ) );
#1307 = ADVANCED_FACE('',(#1308,#1400),#1277,.T.);
#1308 = FACE_BOUND('',#1309,.T.);
#1309 = EDGE_LOOP('',(#1310,#1349));
#1310 = ORIENTED_EDGE('',*,*,#1311,.F.);
#1311 = EDGE_CURVE('',#1312,#1314,#1316,.T.);
#1312 = VERTEX_POINT('',#1313);
#1313 = CARTESIAN_POINT('',(0.507081433808,-1.45,1.909271152718));
#1314 = VERTEX_POINT('',#1315);
#1315 = CARTESIAN_POINT('',(-0.507081433808,-1.45,1.909271152718));
#1316 = SURFACE_CURVE('',#1317,(#1322,#1329),.PCURVE_S1.);
#1317 = CIRCLE('',#1318,4.608164780542);
#1318 = AXIS2_PLACEMENT_3D('',#1319,#1320,#1321);
#1319 = CARTESIAN_POINT('',(0.,-1.45,-2.670909090909));
#1320 = DIRECTION('',(0.,-1.,-0.));
#1321 = DIRECTION('',(0.,0.,-1.));
#1322 = PCURVE('',#1277,#1323);
#1323 = DEFINITIONAL_REPRESENTATION('',(#1324),#1328);
#1324 = CIRCLE('',#1325,4.608164780542);
#1325 = AXIS2_PLACEMENT_2D('',#1326,#1327);
#1326 = CARTESIAN_POINT('',(7.475190486537,-1.96317360172E-16));
#1327 = DIRECTION('',(1.,0.));
#1328 = ( GEOMETRIC_REPRESENTATION_CONTEXT(2) 
PARAMETRIC_REPRESENTATION_CONTEXT() REPRESENTATION_CONTEXT('2D SPACE',''
  ) );
#1329 = PCURVE('',#176,#1330);
#1330 = DEFINITIONAL_REPRESENTATION('',(#1331),#1348);
#1331 = B_SPLINE_CURVE_WITH_KNOTS('',8,(#1332,#1333,#1334,#1335,#1336,
    #1337,#1338,#1339,#1340,#1341,#1342,#1343,#1344,#1345,#1346,#1347),
  .UNSPECIFIED.,.F.,.F.,(9,7,9),(2.958224103039,3.14159265359,
    3.32496120414),.UNSPECIFIED.);
#1332 = CARTESIAN_POINT('',(5.237593447094,1.216526059181));
#1333 = CARTESIAN_POINT('',(5.183975922611,1.228018452137));
#1334 = CARTESIAN_POINT('',(5.126290227604,1.238295620823));
#1335 = CARTESIAN_POINT('',(5.064509335261,1.247199539147));
#1336 = CARTESIAN_POINT('',(4.998818228272,1.254563287011));
#1337 = CARTESIAN_POINT('',(4.92968610286,1.260221397469));
#1338 = CARTESIAN_POINT('',(4.858077181898,1.264037645982));
#1339 = CARTESIAN_POINT('',(4.785233161118,1.265945854058));
#1340 = CARTESIAN_POINT('',(4.639544799651,1.265945854058));
#1341 = CARTESIAN_POINT('',(4.566700778865,1.264037645982));
#1342 = CARTESIAN_POINT('',(4.495091857925,1.260221397466));
#1343 = CARTESIAN_POINT('',(4.425959732456,1.254563287016));
#1344 = CARTESIAN_POINT('',(4.360268625522,1.247199539145));
#1345 = CARTESIAN_POINT('',(4.29848773316,1.238295620824));
#1346 = CARTESIAN_POINT('',(4.240802038159,1.228018452137));
#1347 = CARTESIAN_POINT('',(4.187184513675,1.216526059181));
#1348 = ( GEOMETRIC_REPRESENTATION_CONTEXT(2) 
PARAMETRIC_REPRESENTATION_CONTEXT() REPRESENTATION_CONTEXT('2D SPACE',''
  ) );
#1349 = ORIENTED_EDGE('',*,*,#1350,.F.);
#1350 = EDGE_CURVE('',#1314,#1312,#1351,.T.);
#1351 = SURFACE_CURVE('',#1352,(#1371,#1393),.PCURVE_S1.);
#1352 = ( BOUNDED_CURVE() B_SPLINE_CURVE(9,(#1353,#1354,#1355,#1356,
    #1357,#1358,#1359,#1360,#1361,#1362,#1363,#1364,#1365,#1366,#1367,
#1368,#1369,#1370),.UNSPECIFIED.,.F.,.F.) B_SPLINE_CURVE_WITH_KNOTS((10,
    8,10),(4.10118461523E-16,9.757603107977,19.515206215954),
.UNSPECIFIED.) CURVE() GEOMETRIC_REPRESENTATION_ITEM() 
RATIONAL_B_SPLINE_CURVE((1.,1.,1.,1.,1.,1.,1.,1.,1.,1.,1.,1.,1.,1.,1.,1.
,1.,1.)) REPRESENTATION_ITEM('') );
#1353 = CARTESIAN_POINT('',(-0.507081433808,-1.45,1.909271152718));
#1354 = CARTESIAN_POINT('',(-1.397053265145,-1.45,2.083689154716));
#1355 = CARTESIAN_POINT('',(-2.228323273815,-1.45,2.602828509885));
#1356 = CARTESIAN_POINT('',(-2.867812946533,-1.45,3.443273434378));
#1357 = CARTESIAN_POINT('',(-3.18847192881,-1.45,4.519654672062));
#1358 = CARTESIAN_POINT('',(-3.088566496207,-1.45,5.671921246085));
#1359 = CARTESIAN_POINT('',(-2.579430791972,-1.45,6.672494244479));
#1360 = CARTESIAN_POINT('',(-1.797559458262,-1.45,7.370024755377));
#1361 = CARTESIAN_POINT('',(-0.891614473451,-1.45,7.71));
#1362 = CARTESIAN_POINT('',(0.891614473451,-1.45,7.71));
#1363 = CARTESIAN_POINT('',(1.797559458262,-1.45,7.370024755377));
#1364 = CARTESIAN_POINT('',(2.579430791972,-1.45,6.67249424448));
#1365 = CARTESIAN_POINT('',(3.088566496207,-1.45,5.671921246085));
#1366 = CARTESIAN_POINT('',(3.18847192881,-1.45,4.519654672062));
#1367 = CARTESIAN_POINT('',(2.867812946533,-1.45,3.443273434378));
#1368 = CARTESIAN_POINT('',(2.228323273815,-1.45,2.602828509885));
#1369 = CARTESIAN_POINT('',(1.397053265145,-1.45,2.083689154716));
#1370 = CARTESIAN_POINT('',(0.507081433808,-1.45,1.909271152718));
#1371 = PCURVE('',#1277,#1372);
#1372 = DEFINITIONAL_REPRESENTATION('',(#1373),#1392);
#1373 = ( BOUNDED_CURVE() B_SPLINE_CURVE(9,(#1374,#1375,#1376,#1377,
    #1378,#1379,#1380,#1381,#1382,#1383,#1384,#1385,#1386,#1387,#1388,
#1389,#1390,#1391),.UNSPECIFIED.,.F.,.F.) B_SPLINE_CURVE_WITH_KNOTS((10,
    8,10),(4.10118461523E-16,9.757603107977,19.515206215954),
.UNSPECIFIED.) CURVE() GEOMETRIC_REPRESENTATION_ITEM() 
RATIONAL_B_SPLINE_CURVE((1.,1.,1.,1.,1.,1.,1.,1.,1.,1.,1.,1.,1.,1.,1.,1.
,1.,1.)) REPRESENTATION_ITEM('') );
#1374 = CARTESIAN_POINT('',(2.895010242909,-0.507081433808));
#1375 = CARTESIAN_POINT('',(2.720592240912,-1.397053265145));
#1376 = CARTESIAN_POINT('',(2.201452885743,-2.228323273815));
#1377 = CARTESIAN_POINT('',(1.36100796125,-2.867812946533));
#1378 = CARTESIAN_POINT('',(0.284626723565,-3.18847192881));
#1379 = CARTESIAN_POINT('',(-0.867639850458,-3.088566496207));
#1380 = CARTESIAN_POINT('',(-1.868212848852,-2.579430791972));
#1381 = CARTESIAN_POINT('',(-2.56574335975,-1.797559458262));
#1382 = CARTESIAN_POINT('',(-2.905718604373,-0.891614473451));
#1383 = CARTESIAN_POINT('',(-2.905718604373,0.891614473451));
#1384 = CARTESIAN_POINT('',(-2.56574335975,1.797559458262));
#1385 = CARTESIAN_POINT('',(-1.868212848852,2.579430791972));
#1386 = CARTESIAN_POINT('',(-0.867639850458,3.088566496207));
#1387 = CARTESIAN_POINT('',(0.284626723565,3.18847192881));
#1388 = CARTESIAN_POINT('',(1.36100796125,2.867812946533));
#1389 = CARTESIAN_POINT('',(2.201452885743,2.228323273815));
#1390 = CARTESIAN_POINT('',(2.720592240912,1.397053265145));
#1391 = CARTESIAN_POINT('',(2.895010242909,0.507081433808));
#1392 = ( GEOMETRIC_REPRESENTATION_CONTEXT(2) 
PARAMETRIC_REPRESENTATION_CONTEXT() REPRESENTATION_CONTEXT('2D SPACE',''
  ) );
#1393 = PCURVE('',#84,#1394);
#1394 = DEFINITIONAL_REPRESENTATION('',(#1395),#1399);
#1395 = LINE('',#1396,#1397);
#1396 = CARTESIAN_POINT('',(20.737198194614,30.494801302592));
#1397 = VECTOR('',#1398,1.);
#1398 = DIRECTION('',(-4.733260547014E-15,-1.));
#1399 = ( GEOMETRIC_REPRESENTATION_CONTEXT(2) 
PARAMETRIC_REPRESENTATION_CONTEXT() REPRESENTATION_CONTEXT('2D SPACE',''
  ) );
#1400 = FACE_BOUND('',#1401,.T.);
#1401 = EDGE_LOOP('',(#1402));
#1402 = ORIENTED_EDGE('',*,*,#1244,.F.);
#1403 = ADVANCED_FACE('',(#1404),#176,.T.);
#1404 = FACE_BOUND('',#1405,.T.);
#1405 = EDGE_LOOP('',(#1406,#1435,#1457,#1458,#1539,#1540,#1621,#1622,
    #1623,#1624,#1625,#1626,#1627));
#1406 = ORIENTED_EDGE('',*,*,#1407,.T.);
#1407 = EDGE_CURVE('',#1408,#1408,#1410,.T.);
#1408 = VERTEX_POINT('',#1409);
#1409 = CARTESIAN_POINT('',(3.9,-9.552245033349E-16,0.18));
#1410 = SURFACE_CURVE('',#1411,(#1416,#1423),.PCURVE_S1.);
#1411 = CIRCLE('',#1412,3.9);
#1412 = AXIS2_PLACEMENT_3D('',#1413,#1414,#1415);
#1413 = CARTESIAN_POINT('',(0.,0.,0.18));
#1414 = DIRECTION('',(0.,0.,1.));
#1415 = DIRECTION('',(1.,0.,-0.));
#1416 = PCURVE('',#176,#1417);
#1417 = DEFINITIONAL_REPRESENTATION('',(#1418),#1422);
#1418 = LINE('',#1419,#1420);
#1419 = CARTESIAN_POINT('',(0.,0.631231324078));
#1420 = VECTOR('',#1421,1.);
#1421 = DIRECTION('',(1.,0.));
#1422 = ( GEOMETRIC_REPRESENTATION_CONTEXT(2) 
PARAMETRIC_REPRESENTATION_CONTEXT() REPRESENTATION_CONTEXT('2D SPACE',''
  ) );
#1423 = PCURVE('',#1424,#1429);
#1424 = PLANE('',#1425);
#1425 = AXIS2_PLACEMENT_3D('',#1426,#1427,#1428);
#1426 = CARTESIAN_POINT('',(-2.560749311872E-16,7.226273105267E-18,0.18)
  );
#1427 = DIRECTION('',(0.,0.,1.));
#1428 = DIRECTION('',(1.,0.,-0.));
#1429 = DEFINITIONAL_REPRESENTATION('',(#1430),#1434);
#1430 = CIRCLE('',#1431,3.9);
#1431 = AXIS2_PLACEMENT_2D('',#1432,#1433);
#1432 = CARTESIAN_POINT('',(2.560749311872E-16,-7.226273105267E-18));
#1433 = DIRECTION('',(1.,0.));
#1434 = ( GEOMETRIC_REPRESENTATION_CONTEXT(2) 
PARAMETRIC_REPRESENTATION_CONTEXT() REPRESENTATION_CONTEXT('2D SPACE',''
  ) );
#1435 = ORIENTED_EDGE('',*,*,#1436,.T.);
#1436 = EDGE_CURVE('',#1408,#226,#1437,.T.);
#1437 = SEAM_CURVE('',#1438,(#1443,#1450),.PCURVE_S1.);
#1438 = CIRCLE('',#1439,4.830909090909);
#1439 = AXIS2_PLACEMENT_3D('',#1440,#1441,#1442);
#1440 = CARTESIAN_POINT('',(0.,0.,-2.670909090909));
#1441 = DIRECTION('',(-2.449293598295E-16,-1.,0.));
#1442 = DIRECTION('',(1.,-2.449293598295E-16,0.));
#1443 = PCURVE('',#176,#1444);
#1444 = DEFINITIONAL_REPRESENTATION('',(#1445),#1449);
#1445 = LINE('',#1446,#1447);
#1446 = CARTESIAN_POINT('',(0.,-6.28318530718));
#1447 = VECTOR('',#1448,1.);
#1448 = DIRECTION('',(0.,1.));
#1449 = ( GEOMETRIC_REPRESENTATION_CONTEXT(2) 
PARAMETRIC_REPRESENTATION_CONTEXT() REPRESENTATION_CONTEXT('2D SPACE',''
  ) );
#1450 = PCURVE('',#176,#1451);
#1451 = DEFINITIONAL_REPRESENTATION('',(#1452),#1456);
#1452 = LINE('',#1453,#1454);
#1453 = CARTESIAN_POINT('',(6.28318530718,-6.28318530718));
#1454 = VECTOR('',#1455,1.);
#1455 = DIRECTION('',(0.,1.));
#1456 = ( GEOMETRIC_REPRESENTATION_CONTEXT(2) 
PARAMETRIC_REPRESENTATION_CONTEXT() REPRESENTATION_CONTEXT('2D SPACE',''
  ) );
#1457 = ORIENTED_EDGE('',*,*,#247,.F.);
#1458 = ORIENTED_EDGE('',*,*,#1459,.F.);
#1459 = EDGE_CURVE('',#1312,#24,#1460,.T.);
#1460 = SURFACE_CURVE('',#1461,(#1485,#1512),.PCURVE_S1.);
#1461 = B_SPLINE_CURVE_WITH_KNOTS('',8,(#1462,#1463,#1464,#1465,#1466,
    #1467,#1468,#1469,#1470,#1471,#1472,#1473,#1474,#1475,#1476,#1477,
    #1478,#1479,#1480,#1481,#1482,#1483,#1484),.UNSPECIFIED.,.F.,.F.,(9,
    7,7,9),(0.,0.186008526138,0.593067457372,1.),.UNSPECIFIED.);
#1462 = CARTESIAN_POINT('',(0.507081433808,-1.45,1.909271152718));
#1463 = CARTESIAN_POINT('',(0.555754815052,-1.45,1.903882419822));
#1464 = CARTESIAN_POINT('',(0.600771463208,-1.449454988916,
    1.898472814687));
#1465 = CARTESIAN_POINT('',(0.643444446092,-1.44833115367,1.893061913008
    ));
#1466 = CARTESIAN_POINT('',(0.684182008254,-1.446598525405,
    1.887668114225));
#1467 = CARTESIAN_POINT('',(0.723381216595,-1.444230226534,
    1.882310857759));
#1468 = CARTESIAN_POINT('',(0.761207135201,-1.441203497252,
    1.877009751967));
#1469 = CARTESIAN_POINT('',(0.797817148107,-1.437499997149,
    1.871784912047));
#1470 = CARTESIAN_POINT('',(0.910948696608,-1.423491288254,
    1.855433303693));
#1471 = CARTESIAN_POINT('',(0.983187062445,-1.410572841674,
    1.844673754971));
#1472 = CARTESIAN_POINT('',(1.050957477034,-1.39421637166,1.834592491469
    ));
#1473 = CARTESIAN_POINT('',(1.114171867921,-1.374413337849,
    1.825410532026));
#1474 = CARTESIAN_POINT('',(1.172682488276,-1.351318427707,
    1.817337242503));
#1475 = CARTESIAN_POINT('',(1.226169224898,-1.325273690127,
    1.810536501068));
#1476 = CARTESIAN_POINT('',(1.274438142906,-1.296753199319,
    1.805105817937));
#1477 = CARTESIAN_POINT('',(1.36032029417,-1.235852031273,1.797051028331
    ));
#1478 = CARTESIAN_POINT('',(1.397936220468,-1.20347358323,1.794426161431
    ));
#1479 = CARTESIAN_POINT('',(1.430134706031,-1.169703235924,
    1.793235674311));
#1480 = CARTESIAN_POINT('',(1.456930588905,-1.135151950625,
    1.793446834941));
#1481 = CARTESIAN_POINT('',(1.478503485481,-1.1004258287,1.794961193892)
  );
#1482 = CARTESIAN_POINT('',(1.495171932249,-1.066059320379,
    1.797636027716));
#1483 = CARTESIAN_POINT('',(1.507336352961,-1.032476482869,
    1.801311025892));
#1484 = CARTESIAN_POINT('',(1.515436516276,-1.,1.80582351332));
#1485 = PCURVE('',#176,#1486);
#1486 = DEFINITIONAL_REPRESENTATION('',(#1487),#1511);
#1487 = B_SPLINE_CURVE_WITH_KNOTS('',8,(#1488,#1489,#1490,#1491,#1492,
    #1493,#1494,#1495,#1496,#1497,#1498,#1499,#1500,#1501,#1502,#1503,
    #1504,#1505,#1506,#1507,#1508,#1509,#1510),.UNSPECIFIED.,.F.,.F.,(9,
    7,7,9),(0.,0.186008526138,0.593067457372,1.),.UNSPECIFIED.);
#1488 = CARTESIAN_POINT('',(5.048806612852,1.247203259264));
#1489 = CARTESIAN_POINT('',(5.078716537514,1.243695219096));
#1490 = CARTESIAN_POINT('',(5.105781522176,1.240215526852));
#1491 = CARTESIAN_POINT('',(5.130986451327,1.236775672882));
#1492 = CARTESIAN_POINT('',(5.154671516954,1.233385636911));
#1493 = CARTESIAN_POINT('',(5.17716602549,1.230055490223));
#1494 = CARTESIAN_POINT('',(5.198633871552,1.226794840618));
#1495 = CARTESIAN_POINT('',(5.219232056185,1.223613163571));
#1496 = CARTESIAN_POINT('',(5.28247495624,1.2137495115));
#1497 = CARTESIAN_POINT('',(5.322224162101,1.207402491881));
#1498 = CARTESIAN_POINT('',(5.359451798562,1.201576154347));
#1499 = CARTESIAN_POINT('',(5.394541283339,1.196363487326));
#1500 = CARTESIAN_POINT('',(5.42780358355,1.191845601948));
#1501 = CARTESIAN_POINT('',(5.459346901709,1.188079781952));
#1502 = CARTESIAN_POINT('',(5.489254325327,1.185094218252));
#1503 = CARTESIAN_POINT('',(5.545852655767,1.180686184039));
#1504 = CARTESIAN_POINT('',(5.572544201005,1.179263289692));
#1505 = CARTESIAN_POINT('',(5.59766720593,1.178622104911));
#1506 = CARTESIAN_POINT('',(5.621221885154,1.178736167413));
#1507 = CARTESIAN_POINT('',(5.643205585336,1.179553103577));
#1508 = CARTESIAN_POINT('',(5.663627412365,1.181003276883));
#1509 = CARTESIAN_POINT('',(5.682512028579,1.183009948169));
#1510 = CARTESIAN_POINT('',(5.699898765932,1.185495291055));
#1511 = ( GEOMETRIC_REPRESENTATION_CONTEXT(2) 
PARAMETRIC_REPRESENTATION_CONTEXT() REPRESENTATION_CONTEXT('2D SPACE',''
  ) );
#1512 = PCURVE('',#84,#1513);
#1513 = DEFINITIONAL_REPRESENTATION('',(#1514),#1538);
#1514 = B_SPLINE_CURVE_WITH_KNOTS('',8,(#1515,#1516,#1517,#1518,#1519,
    #1520,#1521,#1522,#1523,#1524,#1525,#1526,#1527,#1528,#1529,#1530,
    #1531,#1532,#1533,#1534,#1535,#1536,#1537),.UNSPECIFIED.,.F.,.F.,(9,
    7,7,9),(0.,0.186008526138,0.593067457372,1.),.UNSPECIFIED.);
#1515 = CARTESIAN_POINT('',(20.737198194614,10.979595086637));
#1516 = CARTESIAN_POINT('',(20.259850588699,11.035457785873));
#1517 = CARTESIAN_POINT('',(19.781393739401,11.086291063793));
#1518 = CARTESIAN_POINT('',(19.302252306756,11.133761498872));
#1519 = CARTESIAN_POINT('',(18.82259873653,11.178406810406));
#1520 = CARTESIAN_POINT('',(18.342578586446,11.220752566151));
#1521 = CARTESIAN_POINT('',(17.862251940645,11.261038069424));
#1522 = CARTESIAN_POINT('',(17.381653954584,11.299496142557));
#1523 = CARTESIAN_POINT('',(15.848428987873,11.416765817535));
#1524 = CARTESIAN_POINT('',(14.794943000008,11.489210073539));
#1525 = CARTESIAN_POINT('',(13.740646233584,11.555206428537));
#1526 = CARTESIAN_POINT('',(12.685678240729,11.615145837176));
#1527 = CARTESIAN_POINT('',(11.630150587957,11.669416938749));
#1528 = CARTESIAN_POINT('',(10.574118507171,11.718191875783));
#1529 = CARTESIAN_POINT('',(9.517629308818,11.761712559566));
#1530 = CARTESIAN_POINT('',(7.404125329391,11.83870306823));
#1531 = CARTESIAN_POINT('',(6.34714155002,11.872175748893));
#1532 = CARTESIAN_POINT('',(5.289826659467,11.900871373332));
#1533 = CARTESIAN_POINT('',(4.232234486658,11.925052602282));
#1534 = CARTESIAN_POINT('',(3.174413246087,11.945025412654));
#1535 = CARTESIAN_POINT('',(2.116407520555,11.961126682431));
#1536 = CARTESIAN_POINT('',(1.058257991628,11.973701442034));
#1537 = CARTESIAN_POINT('',(0.,11.983092069461));
#1538 = ( GEOMETRIC_REPRESENTATION_CONTEXT(2) 
PARAMETRIC_REPRESENTATION_CONTEXT() REPRESENTATION_CONTEXT('2D SPACE',''
  ) );
#1539 = ORIENTED_EDGE('',*,*,#1311,.T.);
#1540 = ORIENTED_EDGE('',*,*,#1541,.T.);
#1541 = EDGE_CURVE('',#1314,#22,#1542,.T.);
#1542 = SURFACE_CURVE('',#1543,(#1567,#1594),.PCURVE_S1.);
#1543 = B_SPLINE_CURVE_WITH_KNOTS('',8,(#1544,#1545,#1546,#1547,#1548,
    #1549,#1550,#1551,#1552,#1553,#1554,#1555,#1556,#1557,#1558,#1559,
    #1560,#1561,#1562,#1563,#1564,#1565,#1566),.UNSPECIFIED.,.F.,.F.,(9,
    7,7,9),(0.,0.18600852615,0.593067457382,1.),.UNSPECIFIED.);
#1544 = CARTESIAN_POINT('',(-0.507081433808,-1.45,1.909271152718));
#1545 = CARTESIAN_POINT('',(-0.555754815051,-1.45,1.903882419822));
#1546 = CARTESIAN_POINT('',(-0.600771463214,-1.449454988916,
    1.898472814686));
#1547 = CARTESIAN_POINT('',(-0.643444446079,-1.448331153671,
    1.89306191301));
#1548 = CARTESIAN_POINT('',(-0.684182008271,-1.446598525404,
    1.887668114223));
#1549 = CARTESIAN_POINT('',(-0.723381216582,-1.444230226535,
    1.882310857761));
#1550 = CARTESIAN_POINT('',(-0.761207135208,-1.441203497252,
    1.877009751966));
#1551 = CARTESIAN_POINT('',(-0.797817148105,-1.437499997149,
    1.871784912047));
#1552 = CARTESIAN_POINT('',(-0.910948696607,-1.423491288254,
    1.855433303693));
#1553 = CARTESIAN_POINT('',(-0.983187062451,-1.410572841673,
    1.84467375497));
#1554 = CARTESIAN_POINT('',(-1.050957477022,-1.394216371663,
    1.834592491471));
#1555 = CARTESIAN_POINT('',(-1.114171867934,-1.374413337844,
    1.825410532024));
#1556 = CARTESIAN_POINT('',(-1.172682488267,-1.351318427711,
    1.817337242504));
#1557 = CARTESIAN_POINT('',(-1.226169224902,-1.325273690125,
    1.810536501068));
#1558 = CARTESIAN_POINT('',(-1.274438142905,-1.296753199319,
    1.805105817937));
#1559 = CARTESIAN_POINT('',(-1.36032029417,-1.235852031273,
    1.797051028331));
#1560 = CARTESIAN_POINT('',(-1.397936220468,-1.20347358323,
    1.794426161431));
#1561 = CARTESIAN_POINT('',(-1.430134706031,-1.169703235924,
    1.793235674311));
#1562 = CARTESIAN_POINT('',(-1.456930588905,-1.135151950625,
    1.793446834941));
#1563 = CARTESIAN_POINT('',(-1.478503485481,-1.1004258287,1.794961193892
    ));
#1564 = CARTESIAN_POINT('',(-1.495171932249,-1.066059320379,
    1.797636027716));
#1565 = CARTESIAN_POINT('',(-1.507336352961,-1.032476482869,
    1.801311025892));
#1566 = CARTESIAN_POINT('',(-1.515436516276,-1.,1.80582351332));
#1567 = PCURVE('',#176,#1568);
#1568 = DEFINITIONAL_REPRESENTATION('',(#1569),#1593);
#1569 = B_SPLINE_CURVE_WITH_KNOTS('',8,(#1570,#1571,#1572,#1573,#1574,
    #1575,#1576,#1577,#1578,#1579,#1580,#1581,#1582,#1583,#1584,#1585,
    #1586,#1587,#1588,#1589,#1590,#1591,#1592),.UNSPECIFIED.,.F.,.F.,(9,
    7,7,9),(0.,0.18600852615,0.593067457382,1.),.UNSPECIFIED.);
#1570 = CARTESIAN_POINT('',(4.375971347918,1.247203259264));
#1571 = CARTESIAN_POINT('',(4.346061423256,1.243695219097));
#1572 = CARTESIAN_POINT('',(4.318996438589,1.240215526852));
#1573 = CARTESIAN_POINT('',(4.29379150945,1.236775672883));
#1574 = CARTESIAN_POINT('',(4.270106443806,1.233385636909));
#1575 = CARTESIAN_POINT('',(4.247611935288,1.230055490224));
#1576 = CARTESIAN_POINT('',(4.226144089214,1.226794840618));
#1577 = CARTESIAN_POINT('',(4.205545904585,1.223613163571));
#1578 = CARTESIAN_POINT('',(4.142303004531,1.213749511501));
#1579 = CARTESIAN_POINT('',(4.102553798665,1.20740249188));
#1580 = CARTESIAN_POINT('',(4.065326162214,1.201576154347));
#1581 = CARTESIAN_POINT('',(4.030236677422,1.196363487325));
#1582 = CARTESIAN_POINT('',(3.996974377225,1.191845601949));
#1583 = CARTESIAN_POINT('',(3.965431059058,1.188079781952));
#1584 = CARTESIAN_POINT('',(3.935523635442,1.185094218252));
#1585 = CARTESIAN_POINT('',(3.878925305002,1.180686184039));
#1586 = CARTESIAN_POINT('',(3.852233759764,1.179263289692));
#1587 = CARTESIAN_POINT('',(3.82711075484,1.178622104911));
#1588 = CARTESIAN_POINT('',(3.803556075615,1.178736167413));
#1589 = CARTESIAN_POINT('',(3.781572375434,1.179553103577));
#1590 = CARTESIAN_POINT('',(3.761150548404,1.181003276883));
#1591 = CARTESIAN_POINT('',(3.74226593219,1.183009948169));
#1592 = CARTESIAN_POINT('',(3.724879194837,1.185495291055));
#1593 = ( GEOMETRIC_REPRESENTATION_CONTEXT(2) 
PARAMETRIC_REPRESENTATION_CONTEXT() REPRESENTATION_CONTEXT('2D SPACE',''
  ) );
#1594 = PCURVE('',#84,#1595);
#1595 = DEFINITIONAL_REPRESENTATION('',(#1596),#1620);
#1596 = B_SPLINE_CURVE_WITH_KNOTS('',8,(#1597,#1598,#1599,#1600,#1601,
    #1602,#1603,#1604,#1605,#1606,#1607,#1608,#1609,#1610,#1611,#1612,
    #1613,#1614,#1615,#1616,#1617,#1618,#1619),.UNSPECIFIED.,.F.,.F.,(9,
    7,7,9),(0.,0.18600852615,0.593067457382,1.),.UNSPECIFIED.);
#1597 = CARTESIAN_POINT('',(20.737198194614,30.494801302592));
#1598 = CARTESIAN_POINT('',(20.259850588713,30.438938603357));
#1599 = CARTESIAN_POINT('',(19.781393739334,30.388105325428));
#1600 = CARTESIAN_POINT('',(19.302252306915,30.340634890372));
#1601 = CARTESIAN_POINT('',(18.822598736309,30.295989578802));
#1602 = CARTESIAN_POINT('',(18.342578586632,30.253643823094));
#1603 = CARTESIAN_POINT('',(17.862251940553,30.213358319797));
#1604 = CARTESIAN_POINT('',(17.381653954605,30.174900246674));
#1605 = CARTESIAN_POINT('',(15.848428987894,30.057630571695));
#1606 = CARTESIAN_POINT('',(14.794942999914,29.985186315684));
#1607 = CARTESIAN_POINT('',(13.740646233787,29.919189960703));
#1608 = CARTESIAN_POINT('',(12.685678240476,29.859250552039));
#1609 = CARTESIAN_POINT('',(11.63015058815,29.804979450489));
#1610 = CARTESIAN_POINT('',(10.574118507085,29.756204513442));
#1611 = CARTESIAN_POINT('',(9.517629308837,29.712683829664));
#1612 = CARTESIAN_POINT('',(7.404125329393,29.635693320999));
#1613 = CARTESIAN_POINT('',(6.347141550014,29.602220640335));
#1614 = CARTESIAN_POINT('',(5.289826659475,29.573525015897));
#1615 = CARTESIAN_POINT('',(4.232234486658,29.549343786947));
#1616 = CARTESIAN_POINT('',(3.17441324608,29.529370976575));
#1617 = CARTESIAN_POINT('',(2.116407520562,29.513269706798));
#1618 = CARTESIAN_POINT('',(1.058257991626,29.500694947195));
#1619 = CARTESIAN_POINT('',(0.,29.491304319768));
#1620 = ( GEOMETRIC_REPRESENTATION_CONTEXT(2) 
PARAMETRIC_REPRESENTATION_CONTEXT() REPRESENTATION_CONTEXT('2D SPACE',''
  ) );
#1621 = ORIENTED_EDGE('',*,*,#146,.T.);
#1622 = ORIENTED_EDGE('',*,*,#421,.F.);
#1623 = ORIENTED_EDGE('',*,*,#582,.F.);
#1624 = ORIENTED_EDGE('',*,*,#749,.F.);
#1625 = ORIENTED_EDGE('',*,*,#664,.T.);
#1626 = ORIENTED_EDGE('',*,*,#465,.T.);
#1627 = ORIENTED_EDGE('',*,*,#1436,.F.);
#1628 = ADVANCED_FACE('',(#1629,#1660),#1424,.T.);
#1629 = FACE_BOUND('',#1630,.T.);
#1630 = EDGE_LOOP('',(#1631));
#1631 = ORIENTED_EDGE('',*,*,#1632,.T.);
#1632 = EDGE_CURVE('',#1633,#1633,#1635,.T.);
#1633 = VERTEX_POINT('',#1634);
#1634 = CARTESIAN_POINT('',(4.005,0.,0.18));
#1635 = SURFACE_CURVE('',#1636,(#1641,#1648),.PCURVE_S1.);
#1636 = CIRCLE('',#1637,4.005);
#1637 = AXIS2_PLACEMENT_3D('',#1638,#1639,#1640);
#1638 = CARTESIAN_POINT('',(0.,0.,0.18));
#1639 = DIRECTION('',(0.,0.,1.));
#1640 = DIRECTION('',(1.,0.,0.));
#1641 = PCURVE('',#1424,#1642);
#1642 = DEFINITIONAL_REPRESENTATION('',(#1643),#1647);
#1643 = CIRCLE('',#1644,4.005);
#1644 = AXIS2_PLACEMENT_2D('',#1645,#1646);
#1645 = CARTESIAN_POINT('',(2.560749311872E-16,-7.226273105267E-18));
#1646 = DIRECTION('',(1.,0.));
#1647 = ( GEOMETRIC_REPRESENTATION_CONTEXT(2) 
PARAMETRIC_REPRESENTATION_CONTEXT() REPRESENTATION_CONTEXT('2D SPACE',''
  ) );
#1648 = PCURVE('',#1649,#1654);
#1649 = CYLINDRICAL_SURFACE('',#1650,4.005);
#1650 = AXIS2_PLACEMENT_3D('',#1651,#1652,#1653);
#1651 = CARTESIAN_POINT('',(0.,0.,0.));
#1652 = DIRECTION('',(-0.,-0.,-1.));
#1653 = DIRECTION('',(1.,0.,0.));
#1654 = DEFINITIONAL_REPRESENTATION('',(#1655),#1659);
#1655 = LINE('',#1656,#1657);
#1656 = CARTESIAN_POINT('',(-0.,-0.18));
#1657 = VECTOR('',#1658,1.);
#1658 = DIRECTION('',(-1.,0.));
#1659 = ( GEOMETRIC_REPRESENTATION_CONTEXT(2) 
PARAMETRIC_REPRESENTATION_CONTEXT() REPRESENTATION_CONTEXT('2D SPACE',''
  ) );
#1660 = FACE_BOUND('',#1661,.T.);
#1661 = EDGE_LOOP('',(#1662));
#1662 = ORIENTED_EDGE('',*,*,#1407,.F.);
#1663 = ADVANCED_FACE('',(#1664),#1649,.T.);
#1664 = FACE_BOUND('',#1665,.F.);
#1665 = EDGE_LOOP('',(#1666,#1689,#1690,#1691));
#1666 = ORIENTED_EDGE('',*,*,#1667,.T.);
#1667 = EDGE_CURVE('',#1668,#1633,#1670,.T.);
#1668 = VERTEX_POINT('',#1669);
#1669 = CARTESIAN_POINT('',(4.005,0.,0.));
#1670 = SEAM_CURVE('',#1671,(#1675,#1682),.PCURVE_S1.);
#1671 = LINE('',#1672,#1673);
#1672 = CARTESIAN_POINT('',(4.005,0.,0.));
#1673 = VECTOR('',#1674,1.);
#1674 = DIRECTION('',(0.,0.,1.));
#1675 = PCURVE('',#1649,#1676);
#1676 = DEFINITIONAL_REPRESENTATION('',(#1677),#1681);
#1677 = LINE('',#1678,#1679);
#1678 = CARTESIAN_POINT('',(-0.,0.));
#1679 = VECTOR('',#1680,1.);
#1680 = DIRECTION('',(-0.,-1.));
#1681 = ( GEOMETRIC_REPRESENTATION_CONTEXT(2) 
PARAMETRIC_REPRESENTATION_CONTEXT() REPRESENTATION_CONTEXT('2D SPACE',''
  ) );
#1682 = PCURVE('',#1649,#1683);
#1683 = DEFINITIONAL_REPRESENTATION('',(#1684),#1688);
#1684 = LINE('',#1685,#1686);
#1685 = CARTESIAN_POINT('',(-6.28318530718,0.));
#1686 = VECTOR('',#1687,1.);
#1687 = DIRECTION('',(-0.,-1.));
#1688 = ( GEOMETRIC_REPRESENTATION_CONTEXT(2) 
PARAMETRIC_REPRESENTATION_CONTEXT() REPRESENTATION_CONTEXT('2D SPACE',''
  ) );
#1689 = ORIENTED_EDGE('',*,*,#1632,.T.);
#1690 = ORIENTED_EDGE('',*,*,#1667,.F.);
#1691 = ORIENTED_EDGE('',*,*,#1692,.F.);
#1692 = EDGE_CURVE('',#1668,#1668,#1693,.T.);
#1693 = SURFACE_CURVE('',#1694,(#1699,#1706),.PCURVE_S1.);
#1694 = CIRCLE('',#1695,4.005);
#1695 = AXIS2_PLACEMENT_3D('',#1696,#1697,#1698);
#1696 = CARTESIAN_POINT('',(0.,0.,0.));
#1697 = DIRECTION('',(0.,0.,1.));
#1698 = DIRECTION('',(1.,0.,0.));
#1699 = PCURVE('',#1649,#1700);
#1700 = DEFINITIONAL_REPRESENTATION('',(#1701),#1705);
#1701 = LINE('',#1702,#1703);
#1702 = CARTESIAN_POINT('',(-0.,0.));
#1703 = VECTOR('',#1704,1.);
#1704 = DIRECTION('',(-1.,0.));
#1705 = ( GEOMETRIC_REPRESENTATION_CONTEXT(2) 
PARAMETRIC_REPRESENTATION_CONTEXT() REPRESENTATION_CONTEXT('2D SPACE',''
  ) );
#1706 = PCURVE('',#1707,#1712);
#1707 = PLANE('',#1708);
#1708 = AXIS2_PLACEMENT_3D('',#1709,#1710,#1711);
#1709 = CARTESIAN_POINT('',(-2.560749311872E-16,7.226273105267E-18,0.));
#1710 = DIRECTION('',(0.,0.,1.));
#1711 = DIRECTION('',(1.,0.,-0.));
#1712 = DEFINITIONAL_REPRESENTATION('',(#1713),#1717);
#1713 = CIRCLE('',#1714,4.005);
#1714 = AXIS2_PLACEMENT_2D('',#1715,#1716);
#1715 = CARTESIAN_POINT('',(2.560749311872E-16,-7.226273105267E-18));
#1716 = DIRECTION('',(1.,0.));
#1717 = ( GEOMETRIC_REPRESENTATION_CONTEXT(2) 
PARAMETRIC_REPRESENTATION_CONTEXT() REPRESENTATION_CONTEXT('2D SPACE',''
  ) );
#1718 = ADVANCED_FACE('',(#1719),#1707,.F.);
#1719 = FACE_BOUND('',#1720,.F.);
#1720 = EDGE_LOOP('',(#1721));
#1721 = ORIENTED_EDGE('',*,*,#1692,.T.);
#1722 = ADVANCED_FACE('',(#1723),#84,.F.);
#1723 = FACE_BOUND('',#1724,.F.);
#1724 = EDGE_LOOP('',(#1725,#1726,#1727,#1728));
#1725 = ORIENTED_EDGE('',*,*,#1350,.F.);
#1726 = ORIENTED_EDGE('',*,*,#1541,.T.);
#1727 = ORIENTED_EDGE('',*,*,#21,.T.);
#1728 = ORIENTED_EDGE('',*,*,#1459,.F.);
#1729 = ( GEOMETRIC_REPRESENTATION_CONTEXT(3) 
GLOBAL_UNCERTAINTY_ASSIGNED_CONTEXT((#1733)) 
GLOBAL_UNIT_ASSIGNED_CONTEXT((#1730,#1731,#1732)) REPRESENTATION_CONTEXT
('Context #1','3D Context with UNIT and UNCERTAINTY') );
#1730 = ( LENGTH_UNIT() NAMED_UNIT(*) SI_UNIT(.MILLI.,.METRE.) );
#1731 = ( NAMED_UNIT(*) PLANE_ANGLE_UNIT() SI_UNIT($,.RADIAN.) );
#1732 = ( NAMED_UNIT(*) SI_UNIT($,.STERADIAN.) SOLID_ANGLE_UNIT() );
#1733 = UNCERTAINTY_MEASURE_WITH_UNIT(LENGTH_MEASURE(5.E-06),#1730,
  'distance_accuracy_value','confusion accuracy');
#1734 = PRODUCT_RELATED_PRODUCT_CATEGORY('part',$,(#7));
ENDSEC;
END-ISO-10303-21;
