ISO-10303-21;
HEADER;
FILE_DESCRIPTION(('Open CASCADE Model'),'2;1');
FILE_NAME('Open CASCADE Shape Model','2026-08-29T17:42:34',('Author'),(
    'Open CASCADE'),'Open CASCADE STEP processor 7.9','Open CASCADE 7.9'
  ,'Unknown');
FILE_SCHEMA(('AUTOMOTIVE_DESIGN { 1 0 10303 214 1 1 1 1 }'));
ENDSEC;
DATA;
#1 = APPLICATION_PROTOCOL_DEFINITION('international standard',
  'automotive_design',2000,#2);
#2 = APPLICATION_CONTEXT(
  'core data for automotive mechanical design processes');
#3 = SHAPE_DEFINITION_REPRESENTATION(#4,#10);
#4 = PRODUCT_DEFINITION_SHAPE('','',#5);
#5 = PRODUCT_DEFINITION('design','',#6,#9);
#6 = PRODUCT_DEFINITION_FORMATION('','',#7);
#7 = PRODUCT('Open CASCADE STEP translator 7.9 1',
  'Open CASCADE STEP translator 7.9 1','',(#8));
#8 = PRODUCT_CONTEXT('',#2,'mechanical');
#9 = PRODUCT_DEFINITION_CONTEXT('part definition',#2,'design');
#10 = ADVANCED_BREP_SHAPE_REPRESENTATION('',(#11,#15),#2174);
#11 = AXIS2_PLACEMENT_3D('',#12,#13,#14);
#12 = CARTESIAN_POINT('',(0.,0.,0.));
#13 = DIRECTION('',(0.,0.,1.));
#14 = DIRECTION('',(1.,0.,-0.));
#15 = MANIFOLD_SOLID_BREP('',#16);
#16 = CLOSED_SHELL('',(#17,#170,#1217,#1270,#1348,#1396,#1431,#1559,
    #1607,#1662,#1715,#1816,#1864,#1913,#1939,#1985,#2012,#2038,#2045,
    #2052,#2107,#2135,#2163,#2170));
#17 = ADVANCED_FACE('',(#18),#33,.F.);
#18 = FACE_BOUND('',#19,.F.);
#19 = EDGE_LOOP('',(#20,#60,#88,#116,#144));
#20 = ORIENTED_EDGE('',*,*,#21,.F.);
#21 = EDGE_CURVE('',#22,#24,#26,.T.);
#22 = VERTEX_POINT('',#23);
#23 = CARTESIAN_POINT('',(3.225,-1.,0.784095633346));
#24 = VERTEX_POINT('',#25);
#25 = CARTESIAN_POINT('',(3.225,-7.8989718545E-16,0.925903059402));
#26 = SURFACE_CURVE('',#27,(#32,#44),.PCURVE_S1.);
#27 = CIRCLE('',#28,3.596812150311);
#28 = AXIS2_PLACEMENT_3D('',#29,#30,#31);
#29 = CARTESIAN_POINT('',(3.225,0.,-2.670909090909));
#30 = DIRECTION('',(-1.,0.,0.));
#31 = DIRECTION('',(0.,0.,-1.));
#32 = PCURVE('',#33,#38);
#33 = PLANE('',#34);
#34 = AXIS2_PLACEMENT_3D('',#35,#36,#37);
#35 = CARTESIAN_POINT('',(3.225,0.,0.18));
#36 = DIRECTION('',(-1.,0.,0.));
#37 = DIRECTION('',(0.,0.,1.));
#38 = DEFINITIONAL_REPRESENTATION('',(#39),#43);
#39 = CIRCLE('',#40,3.596812150311);
#40 = AXIS2_PLACEMENT_2D('',#41,#42);
#41 = CARTESIAN_POINT('',(-2.850909090909,0.));
#42 = DIRECTION('',(-1.,0.));
#43 = ( GEOMETRIC_REPRESENTATION_CONTEXT(2) 
PARAMETRIC_REPRESENTATION_CONTEXT() REPRESENTATION_CONTEXT('2D SPACE',''
  ) );
#44 = PCURVE('',#45,#50);
#45 = SPHERICAL_SURFACE('',#46,4.830909090909);
#46 = AXIS2_PLACEMENT_3D('',#47,#48,#49);
#47 = CARTESIAN_POINT('',(0.,0.,-2.670909090909));
#48 = DIRECTION('',(0.,0.,1.));
#49 = DIRECTION('',(1.,0.,0.));
#50 = DEFINITIONAL_REPRESENTATION('',(#51),#59);
#51 = B_SPLINE_CURVE_WITH_KNOTS('',6,(#52,#53,#54,#55,#56,#57,#58),
  .UNSPECIFIED.,.F.,.F.,(7,7),(2.859856290993,3.14159265359),
  .PIECEWISE_BEZIER_KNOTS.);
#52 = CARTESIAN_POINT('',(5.982508915779,0.79689201865));
#53 = CARTESIAN_POINT('',(6.028401377752,0.810798822289));
#54 = CARTESIAN_POINT('',(6.076609519283,0.822235621275));
#55 = CARTESIAN_POINT('',(6.126800201956,0.830994658428));
#56 = CARTESIAN_POINT('',(6.178446215512,0.836896927334));
#57 = CARTESIAN_POINT('',(6.230815654871,0.839847718095));
#58 = CARTESIAN_POINT('',(6.28318530718,0.839847718095));
#59 = ( GEOMETRIC_REPRESENTATION_CONTEXT(2) 
PARAMETRIC_REPRESENTATION_CONTEXT() REPRESENTATION_CONTEXT('2D SPACE',''
  ) );
#60 = ORIENTED_EDGE('',*,*,#61,.T.);
#61 = EDGE_CURVE('',#22,#62,#64,.T.);
#62 = VERTEX_POINT('',#63);
#63 = CARTESIAN_POINT('',(3.225,-1.,4.935));
#64 = SURFACE_CURVE('',#65,(#69,#76),.PCURVE_S1.);
#65 = LINE('',#66,#67);
#66 = CARTESIAN_POINT('',(3.225,-1.,0.18));
#67 = VECTOR('',#68,1.);
#68 = DIRECTION('',(0.,0.,1.));
#69 = PCURVE('',#33,#70);
#70 = DEFINITIONAL_REPRESENTATION('',(#71),#75);
#71 = LINE('',#72,#73);
#72 = CARTESIAN_POINT('',(-5.551115123126E-17,-1.));
#73 = VECTOR('',#74,1.);
#74 = DIRECTION('',(1.,0.));
#75 = ( GEOMETRIC_REPRESENTATION_CONTEXT(2) 
PARAMETRIC_REPRESENTATION_CONTEXT() REPRESENTATION_CONTEXT('2D SPACE',''
  ) );
#76 = PCURVE('',#77,#82);
#77 = CYLINDRICAL_SURFACE('',#78,0.45);
#78 = AXIS2_PLACEMENT_3D('',#79,#80,#81);
#79 = CARTESIAN_POINT('',(2.775,-1.,0.18));
#80 = DIRECTION('',(0.,0.,1.));
#81 = DIRECTION('',(1.,0.,-0.));
#82 = DEFINITIONAL_REPRESENTATION('',(#83),#87);
#83 = LINE('',#84,#85);
#84 = CARTESIAN_POINT('',(-0.,0.));
#85 = VECTOR('',#86,1.);
#86 = DIRECTION('',(-0.,1.));
#87 = ( GEOMETRIC_REPRESENTATION_CONTEXT(2) 
PARAMETRIC_REPRESENTATION_CONTEXT() REPRESENTATION_CONTEXT('2D SPACE',''
  ) );
#88 = ORIENTED_EDGE('',*,*,#89,.F.);
#89 = EDGE_CURVE('',#90,#62,#92,.T.);
#90 = VERTEX_POINT('',#91);
#91 = CARTESIAN_POINT('',(3.225,1.,4.935));
#92 = SURFACE_CURVE('',#93,(#97,#104),.PCURVE_S1.);
#93 = LINE('',#94,#95);
#94 = CARTESIAN_POINT('',(3.225,1.45,4.935));
#95 = VECTOR('',#96,1.);
#96 = DIRECTION('',(0.,-1.,0.));
#97 = PCURVE('',#33,#98);
#98 = DEFINITIONAL_REPRESENTATION('',(#99),#103);
#99 = LINE('',#100,#101);
#100 = CARTESIAN_POINT('',(4.755,1.45));
#101 = VECTOR('',#102,1.);
#102 = DIRECTION('',(0.,-1.));
#103 = ( GEOMETRIC_REPRESENTATION_CONTEXT(2) 
PARAMETRIC_REPRESENTATION_CONTEXT() REPRESENTATION_CONTEXT('2D SPACE',''
  ) );
#104 = PCURVE('',#105,#110);
#105 = CYLINDRICAL_SURFACE('',#106,3.225);
#106 = AXIS2_PLACEMENT_3D('',#107,#108,#109);
#107 = CARTESIAN_POINT('',(0.,0.,4.935));
#108 = DIRECTION('',(-0.,1.,-0.));
#109 = DIRECTION('',(1.,0.,2.754041611473E-16));
#110 = DEFINITIONAL_REPRESENTATION('',(#111),#115);
#111 = LINE('',#112,#113);
#112 = CARTESIAN_POINT('',(-0.,1.45));
#113 = VECTOR('',#114,1.);
#114 = DIRECTION('',(-0.,-1.));
#115 = ( GEOMETRIC_REPRESENTATION_CONTEXT(2) 
PARAMETRIC_REPRESENTATION_CONTEXT() REPRESENTATION_CONTEXT('2D SPACE',''
  ) );
#116 = ORIENTED_EDGE('',*,*,#117,.F.);
#117 = EDGE_CURVE('',#118,#90,#120,.T.);
#118 = VERTEX_POINT('',#119);
#119 = CARTESIAN_POINT('',(3.225,1.,0.784095633346));
#120 = SURFACE_CURVE('',#121,(#125,#132),.PCURVE_S1.);
#121 = LINE('',#122,#123);
#122 = CARTESIAN_POINT('',(3.225,1.,0.18));
#123 = VECTOR('',#124,1.);
#124 = DIRECTION('',(0.,0.,1.));
#125 = PCURVE('',#33,#126);
#126 = DEFINITIONAL_REPRESENTATION('',(#127),#131);
#127 = LINE('',#128,#129);
#128 = CARTESIAN_POINT('',(-5.551115123126E-17,1.));
#129 = VECTOR('',#130,1.);
#130 = DIRECTION('',(1.,0.));
#131 = ( GEOMETRIC_REPRESENTATION_CONTEXT(2) 
PARAMETRIC_REPRESENTATION_CONTEXT() REPRESENTATION_CONTEXT('2D SPACE',''
  ) );
#132 = PCURVE('',#133,#138);
#133 = CYLINDRICAL_SURFACE('',#134,0.45);
#134 = AXIS2_PLACEMENT_3D('',#135,#136,#137);
#135 = CARTESIAN_POINT('',(2.775,1.,0.18));
#136 = DIRECTION('',(0.,0.,1.));
#137 = DIRECTION('',(-0.,1.,0.));
#138 = DEFINITIONAL_REPRESENTATION('',(#139),#143);
#139 = LINE('',#140,#141);
#140 = CARTESIAN_POINT('',(-1.570796326795,0.));
#141 = VECTOR('',#142,1.);
#142 = DIRECTION('',(-0.,1.));
#143 = ( GEOMETRIC_REPRESENTATION_CONTEXT(2) 
PARAMETRIC_REPRESENTATION_CONTEXT() REPRESENTATION_CONTEXT('2D SPACE',''
  ) );
#144 = ORIENTED_EDGE('',*,*,#145,.F.);
#145 = EDGE_CURVE('',#24,#118,#146,.T.);
#146 = SURFACE_CURVE('',#147,(#152,#159),.PCURVE_S1.);
#147 = CIRCLE('',#148,3.596812150311);
#148 = AXIS2_PLACEMENT_3D('',#149,#150,#151);
#149 = CARTESIAN_POINT('',(3.225,0.,-2.670909090909));
#150 = DIRECTION('',(-1.,0.,0.));
#151 = DIRECTION('',(0.,0.,-1.));
#152 = PCURVE('',#33,#153);
#153 = DEFINITIONAL_REPRESENTATION('',(#154),#158);
#154 = CIRCLE('',#155,3.596812150311);
#155 = AXIS2_PLACEMENT_2D('',#156,#157);
#156 = CARTESIAN_POINT('',(-2.850909090909,0.));
#157 = DIRECTION('',(-1.,0.));
#158 = ( GEOMETRIC_REPRESENTATION_CONTEXT(2) 
PARAMETRIC_REPRESENTATION_CONTEXT() REPRESENTATION_CONTEXT('2D SPACE',''
  ) );
#159 = PCURVE('',#45,#160);
#160 = DEFINITIONAL_REPRESENTATION('',(#161),#169);
#161 = B_SPLINE_CURVE_WITH_KNOTS('',6,(#162,#163,#164,#165,#166,#167,
    #168),.UNSPECIFIED.,.F.,.F.,(7,7),(3.14159265359,3.423329016187),
  .PIECEWISE_BEZIER_KNOTS.);
#162 = CARTESIAN_POINT('',(0.,0.839847718095));
#163 = CARTESIAN_POINT('',(5.236965230866E-02,0.839847718095));
#164 = CARTESIAN_POINT('',(0.104739091667,0.836896927334));
#165 = CARTESIAN_POINT('',(0.156385105224,0.830994658428));
#166 = CARTESIAN_POINT('',(0.206575787896,0.822235621275));
#167 = CARTESIAN_POINT('',(0.254783929428,0.810798822289));
#168 = CARTESIAN_POINT('',(0.3006763914,0.79689201865));
#169 = ( GEOMETRIC_REPRESENTATION_CONTEXT(2) 
PARAMETRIC_REPRESENTATION_CONTEXT() REPRESENTATION_CONTEXT('2D SPACE',''
  ) );
#170 = ADVANCED_FACE('',(#171,#725),#45,.T.);
#171 = FACE_BOUND('',#172,.T.);
#172 = EDGE_LOOP('',(#173,#202,#224,#225,#290,#360,#430,#465,#489,#490,
    #520,#590,#660,#723,#724));
#173 = ORIENTED_EDGE('',*,*,#174,.T.);
#174 = EDGE_CURVE('',#175,#175,#177,.T.);
#175 = VERTEX_POINT('',#176);
#176 = CARTESIAN_POINT('',(3.9,-9.552245033349E-16,0.18));
#177 = SURFACE_CURVE('',#178,(#183,#190),.PCURVE_S1.);
#178 = CIRCLE('',#179,3.9);
#179 = AXIS2_PLACEMENT_3D('',#180,#181,#182);
#180 = CARTESIAN_POINT('',(0.,0.,0.18));
#181 = DIRECTION('',(0.,0.,1.));
#182 = DIRECTION('',(1.,0.,-0.));
#183 = PCURVE('',#45,#184);
#184 = DEFINITIONAL_REPRESENTATION('',(#185),#189);
#185 = LINE('',#186,#187);
#186 = CARTESIAN_POINT('',(0.,0.631231324078));
#187 = VECTOR('',#188,1.);
#188 = DIRECTION('',(1.,0.));
#189 = ( GEOMETRIC_REPRESENTATION_CONTEXT(2) 
PARAMETRIC_REPRESENTATION_CONTEXT() REPRESENTATION_CONTEXT('2D SPACE',''
  ) );
#190 = PCURVE('',#191,#196);
#191 = PLANE('',#192);
#192 = AXIS2_PLACEMENT_3D('',#193,#194,#195);
#193 = CARTESIAN_POINT('',(-2.560749311872E-16,7.226273105267E-18,0.18)
  );
#194 = DIRECTION('',(0.,0.,1.));
#195 = DIRECTION('',(1.,0.,-0.));
#196 = DEFINITIONAL_REPRESENTATION('',(#197),#201);
#197 = CIRCLE('',#198,3.9);
#198 = AXIS2_PLACEMENT_2D('',#199,#200);
#199 = CARTESIAN_POINT('',(2.560749311872E-16,-7.226273105267E-18));
#200 = DIRECTION('',(1.,0.));
#201 = ( GEOMETRIC_REPRESENTATION_CONTEXT(2) 
PARAMETRIC_REPRESENTATION_CONTEXT() REPRESENTATION_CONTEXT('2D SPACE',''
  ) );
#202 = ORIENTED_EDGE('',*,*,#203,.T.);
#203 = EDGE_CURVE('',#175,#24,#204,.T.);
#204 = SEAM_CURVE('',#205,(#210,#217),.PCURVE_S1.);
#205 = CIRCLE('',#206,4.830909090909);
#206 = AXIS2_PLACEMENT_3D('',#207,#208,#209);
#207 = CARTESIAN_POINT('',(0.,0.,-2.670909090909));
#208 = DIRECTION('',(-2.449293598295E-16,-1.,0.));
#209 = DIRECTION('',(1.,-2.449293598295E-16,0.));
#210 = PCURVE('',#45,#211);
#211 = DEFINITIONAL_REPRESENTATION('',(#212),#216);
#212 = LINE('',#213,#214);
#213 = CARTESIAN_POINT('',(0.,-6.28318530718));
#214 = VECTOR('',#215,1.);
#215 = DIRECTION('',(0.,1.));
#216 = ( GEOMETRIC_REPRESENTATION_CONTEXT(2) 
PARAMETRIC_REPRESENTATION_CONTEXT() REPRESENTATION_CONTEXT('2D SPACE',''
  ) );
#217 = PCURVE('',#45,#218);
#218 = DEFINITIONAL_REPRESENTATION('',(#219),#223);
#219 = LINE('',#220,#221);
#220 = CARTESIAN_POINT('',(6.28318530718,-6.28318530718));
#221 = VECTOR('',#222,1.);
#222 = DIRECTION('',(0.,1.));
#223 = ( GEOMETRIC_REPRESENTATION_CONTEXT(2) 
PARAMETRIC_REPRESENTATION_CONTEXT() REPRESENTATION_CONTEXT('2D SPACE',''
  ) );
#224 = ORIENTED_EDGE('',*,*,#21,.F.);
#225 = ORIENTED_EDGE('',*,*,#226,.T.);
#226 = EDGE_CURVE('',#22,#227,#229,.T.);
#227 = VERTEX_POINT('',#228);
#228 = CARTESIAN_POINT('',(2.775,-1.45,1.008025217369));
#229 = SURFACE_CURVE('',#230,(#248,#269),.PCURVE_S1.);
#230 = B_SPLINE_CURVE_WITH_KNOTS('',6,(#231,#232,#233,#234,#235,#236,
    #237,#238,#239,#240,#241,#242,#243,#244,#245,#246,#247),
  .UNSPECIFIED.,.F.,.F.,(7,5,5,7),(0.,0.215106720316,0.612089832057,1.),
  .UNSPECIFIED.);
#231 = CARTESIAN_POINT('',(3.225,-1.,0.784095633346));
#232 = CARTESIAN_POINT('',(3.225,-1.025812637696,0.776624547268));
#233 = CARTESIAN_POINT('',(3.223223256285,-1.051759335787,0.770522286084
    ));
#234 = CARTESIAN_POINT('',(3.219634980047,-1.077661226383,0.765882050698
    ));
#235 = CARTESIAN_POINT('',(3.214230170874,-1.103326435865,0.762773960159
    ));
#236 = CARTESIAN_POINT('',(3.207038801163,-1.128558884581,0.761236670863
    ));
#237 = CARTESIAN_POINT('',(3.181691502901,-1.198581941867,0.761328651928
    ));
#238 = CARTESIAN_POINT('',(3.159397058405,-1.241895502097,0.766734160038
    ));
#239 = CARTESIAN_POINT('',(3.131687552625,-1.281865835076,0.777493023161
    ));
#240 = CARTESIAN_POINT('',(3.099410332359,-1.317564198013,0.7931217466)
  );
#241 = CARTESIAN_POINT('',(3.063515572765,-1.34844145688,0.81290357531)
  );
#242 = CARTESIAN_POINT('',(2.987231755912,-1.399390902178,0.85873716659)
  );
#243 = CARTESIAN_POINT('',(2.946946971431,-1.419705543271,0.884645402781
    ));
#244 = CARTESIAN_POINT('',(2.904879659641,-1.434922110046,0.913147365233
    ));
#245 = CARTESIAN_POINT('',(2.86177789692,-1.44500248465,0.943579692853)
  );
#246 = CARTESIAN_POINT('',(2.818290709457,-1.45,0.97537127232));
#247 = CARTESIAN_POINT('',(2.775,-1.45,1.008025217369));
#248 = PCURVE('',#45,#249);
#249 = DEFINITIONAL_REPRESENTATION('',(#250),#268);
#250 = B_SPLINE_CURVE_WITH_KNOTS('',6,(#251,#252,#253,#254,#255,#256,
    #257,#258,#259,#260,#261,#262,#263,#264,#265,#266,#267),
  .UNSPECIFIED.,.F.,.F.,(7,5,5,7),(0.,0.215106720316,0.612089832057,1.),
  .UNSPECIFIED.);
#251 = CARTESIAN_POINT('',(5.982508915779,0.79689201865));
#252 = CARTESIAN_POINT('',(5.975207056753,0.794679334577));
#253 = CARTESIAN_POINT('',(5.967751088756,0.792878071368));
#254 = CARTESIAN_POINT('',(5.960175487475,0.791511577866));
#255 = CARTESIAN_POINT('',(5.952517834614,0.790597398358));
#256 = CARTESIAN_POINT('',(5.94481853158,0.790145201596));
#257 = CARTESIAN_POINT('',(5.922913689238,0.790172257382));
#258 = CARTESIAN_POINT('',(5.90870355441,0.791762315809));
#259 = CARTESIAN_POINT('',(5.894770867381,0.794926839952));
#260 = CARTESIAN_POINT('',(5.881350589077,0.799543812944));
#261 = CARTESIAN_POINT('',(5.868630465179,0.805436188478));
#262 = CARTESIAN_POINT('',(5.845172149428,0.819231307456));
#263 = CARTESIAN_POINT('',(5.834390025587,0.827088109132));
#264 = CARTESIAN_POINT('',(5.824545993181,0.835818712764));
#265 = CARTESIAN_POINT('',(5.815744264817,0.845257423448));
#266 = CARTESIAN_POINT('',(5.808085669229,0.85525787632));
#267 = CARTESIAN_POINT('',(5.801682453039,0.865687133748));
#268 = ( GEOMETRIC_REPRESENTATION_CONTEXT(2) 
PARAMETRIC_REPRESENTATION_CONTEXT() REPRESENTATION_CONTEXT('2D SPACE',''
  ) );
#269 = PCURVE('',#77,#270);
#270 = DEFINITIONAL_REPRESENTATION('',(#271),#289);
#271 = B_SPLINE_CURVE_WITH_KNOTS('',6,(#272,#273,#274,#275,#276,#277,
    #278,#279,#280,#281,#282,#283,#284,#285,#286,#287,#288),
  .UNSPECIFIED.,.F.,.F.,(7,5,5,7),(0.,0.215106720316,0.612089832057,1.),
  .UNSPECIFIED.);
#272 = CARTESIAN_POINT('',(0.,0.604095633346));
#273 = CARTESIAN_POINT('',(-5.736141710164E-02,0.596624547268));
#274 = CARTESIAN_POINT('',(-0.115020953149,0.590522286084));
#275 = CARTESIAN_POINT('',(-0.172919865712,0.585882050698));
#276 = CARTESIAN_POINT('',(-0.230991055259,0.582773960159));
#277 = CARTESIAN_POINT('',(-0.28915434332,0.581236670863));
#278 = CARTESIAN_POINT('',(-0.454642235247,0.581328651928));
#279 = CARTESIAN_POINT('',(-0.562009867677,0.586734160038));
#280 = CARTESIAN_POINT('',(-0.668717216387,0.597493023161));
#281 = CARTESIAN_POINT('',(-0.774399280842,0.6131217466));
#282 = CARTESIAN_POINT('',(-0.87884052438,0.63290357531));
#283 = CARTESIAN_POINT('',(-1.082693130171,0.67873716659));
#284 = CARTESIAN_POINT('',(-1.182210403108,0.704645402781));
#285 = CARTESIAN_POINT('',(-1.280571502762,0.733147365233));
#286 = CARTESIAN_POINT('',(-1.377956778181,0.763579692853));
#287 = CARTESIAN_POINT('',(-1.474594750223,0.79537127232));
#288 = CARTESIAN_POINT('',(-1.570796326795,0.828025217369));
#289 = ( GEOMETRIC_REPRESENTATION_CONTEXT(2) 
PARAMETRIC_REPRESENTATION_CONTEXT() REPRESENTATION_CONTEXT('2D SPACE',''
  ) );
#290 = ORIENTED_EDGE('',*,*,#291,.T.);
#291 = EDGE_CURVE('',#227,#292,#294,.T.);
#292 = VERTEX_POINT('',#293);
#293 = CARTESIAN_POINT('',(2.45,-1.45,1.231997857076));
#294 = SURFACE_CURVE('',#295,(#300,#348),.PCURVE_S1.);
#295 = CIRCLE('',#296,4.608164780542);
#296 = AXIS2_PLACEMENT_3D('',#297,#298,#299);
#297 = CARTESIAN_POINT('',(0.,-1.45,-2.670909090909));
#298 = DIRECTION('',(0.,-1.,-0.));
#299 = DIRECTION('',(0.,0.,-1.));
#300 = PCURVE('',#45,#301);
#301 = DEFINITIONAL_REPRESENTATION('',(#302),#347);
#302 = B_SPLINE_CURVE_WITH_KNOTS('',8,(#303,#304,#305,#306,#307,#308,
    #309,#310,#311,#312,#313,#314,#315,#316,#317,#318,#319,#320,#321,
    #322,#323,#324,#325,#326,#327,#328,#329,#330,#331,#332,#333,#334,
    #335,#336,#337,#338,#339,#340,#341,#342,#343,#344,#345,#346),
  .UNSPECIFIED.,.F.,.F.,(9,7,7,7,7,7,9),(2.495348710831,2.81847068221,
    3.060812160745,3.242568269646,3.378885351322,3.583360973835,
    3.787836596349),.UNSPECIFIED.);
#303 = CARTESIAN_POINT('',(5.801682453039,0.865687133748));
#304 = CARTESIAN_POINT('',(5.77970375321,0.901485006511));
#305 = CARTESIAN_POINT('',(5.754846888996,0.936813057628));
#306 = CARTESIAN_POINT('',(5.726584009382,0.971572932711));
#307 = CARTESIAN_POINT('',(5.69425192734,1.005637605101));
#308 = CARTESIAN_POINT('',(5.656963504323,1.038833952196));
#309 = CARTESIAN_POINT('',(5.613619194953,1.070929884012));
#310 = CARTESIAN_POINT('',(5.562633367249,1.101578963197));
#311 = CARTESIAN_POINT('',(5.457096012767,1.151785696644));
#312 = CARTESIAN_POINT('',(5.406622361442,1.17220058161));
#313 = CARTESIAN_POINT('',(5.35020048735,1.191297722254));
#314 = CARTESIAN_POINT('',(5.287083361603,1.208806220905));
#315 = CARTESIAN_POINT('',(5.216656463948,1.224402746578));
#316 = CARTESIAN_POINT('',(5.138492971872,1.237678332168));
#317 = CARTESIAN_POINT('',(5.053460585131,1.248222527592));
#318 = CARTESIAN_POINT('',(4.895896861028,1.261391120068));
#319 = CARTESIAN_POINT('',(4.825554464187,1.265336400072));
#320 = CARTESIAN_POINT('',(4.75318631988,1.267461481284));
#321 = CARTESIAN_POINT('',(4.679884687805,1.267681929986));
#322 = CARTESIAN_POINT('',(4.60703892202,1.265975307054));
#323 = CARTESIAN_POINT('',(4.535938238,1.262405345005));
#324 = CARTESIAN_POINT('',(4.467509055442,1.257084882437));
#325 = CARTESIAN_POINT('',(4.353497400668,1.244954895927));
#326 = CARTESIAN_POINT('',(4.306479884455,1.23885016689));
#327 = CARTESIAN_POINT('',(4.261562893547,1.231898052629));
#328 = CARTESIAN_POINT('',(4.218896921056,1.2241657756));
#329 = CARTESIAN_POINT('',(4.178530186063,1.215722410329));
#330 = CARTESIAN_POINT('',(4.140436587998,1.206634420749));
#331 = CARTESIAN_POINT('',(4.104547452176,1.196963279132));
#332 = CARTESIAN_POINT('',(4.020093921394,1.171467877965));
#333 = CARTESIAN_POINT('',(3.974164327598,1.154984805627));
#334 = CARTESIAN_POINT('',(3.93265171142,1.137505420359));
#335 = CARTESIAN_POINT('',(3.895095557849,1.119190790357));
#336 = CARTESIAN_POINT('',(3.861041170899,1.100170527429));
#337 = CARTESIAN_POINT('',(3.830082418995,1.080548408617));
#338 = CARTESIAN_POINT('',(3.801858756809,1.06040986575));
#339 = CARTESIAN_POINT('',(3.750258926292,1.019239300977));
#340 = CARTESIAN_POINT('',(3.726882802256,0.998207313128));
#341 = CARTESIAN_POINT('',(3.705618081691,0.976798408023));
#342 = CARTESIAN_POINT('',(3.686201451721,0.955067346191));
#343 = CARTESIAN_POINT('',(3.668412063955,0.933057856851));
#344 = CARTESIAN_POINT('',(3.652064870118,0.910805654412));
#345 = CARTESIAN_POINT('',(3.637003903716,0.888340475106));
#346 = CARTESIAN_POINT('',(3.62309550773,0.865687133748));
#347 = ( GEOMETRIC_REPRESENTATION_CONTEXT(2) 
PARAMETRIC_REPRESENTATION_CONTEXT() REPRESENTATION_CONTEXT('2D SPACE',''
  ) );
#348 = PCURVE('',#349,#354);
#349 = PLANE('',#350);
#350 = AXIS2_PLACEMENT_3D('',#351,#352,#353);
#351 = CARTESIAN_POINT('',(3.586667464128E-17,-1.45,4.075471507895));
#352 = DIRECTION('',(-0.,-1.,-0.));
#353 = DIRECTION('',(0.,0.,-1.));
#354 = DEFINITIONAL_REPRESENTATION('',(#355),#359);
#355 = CIRCLE('',#356,4.608164780542);
#356 = AXIS2_PLACEMENT_2D('',#357,#358);
#357 = CARTESIAN_POINT('',(6.746380598804,-3.586667464128E-17));
#358 = DIRECTION('',(1.,0.));
#359 = ( GEOMETRIC_REPRESENTATION_CONTEXT(2) 
PARAMETRIC_REPRESENTATION_CONTEXT() REPRESENTATION_CONTEXT('2D SPACE',''
  ) );
#360 = ORIENTED_EDGE('',*,*,#361,.F.);
#361 = EDGE_CURVE('',#362,#292,#364,.T.);
#362 = VERTEX_POINT('',#363);
#363 = CARTESIAN_POINT('',(2.,-1.,1.611342961998));
#364 = SURFACE_CURVE('',#365,(#383,#404),.PCURVE_S1.);
#365 = B_SPLINE_CURVE_WITH_KNOTS('',6,(#366,#367,#368,#369,#370,#371,
    #372,#373,#374,#375,#376,#377,#378,#379,#380,#381,#382),
  .UNSPECIFIED.,.F.,.F.,(7,5,5,7),(0.,0.378464721132,0.839638914249,1.),
  .UNSPECIFIED.);
#366 = CARTESIAN_POINT('',(2.,-1.,1.611342961998));
#367 = CARTESIAN_POINT('',(2.,-1.046054581781,1.600588204639));
#368 = CARTESIAN_POINT('',(2.00565607944,-1.091944749605,1.586603402856)
  );
#369 = CARTESIAN_POINT('',(2.016892396456,-1.136721222235,1.569617262543
    ));
#370 = CARTESIAN_POINT('',(2.033390263197,-1.179514662694,1.549964427887
    ));
#371 = CARTESIAN_POINT('',(2.05467624979,-1.219598915557,1.528035628894)
  );
#372 = CARTESIAN_POINT('',(2.11127014956,-1.301228356884,1.475274935238)
  );
#373 = CARTESIAN_POINT('',(2.148627531392,-1.34118089738,1.443543047762)
  );
#374 = CARTESIAN_POINT('',(2.191267754918,-1.375242904309,1.409794592107
    ));
#375 = CARTESIAN_POINT('',(2.238058633585,-1.402720442662,1.374801738533
    ));
#376 = CARTESIAN_POINT('',(2.287877826959,-1.423158765559,1.339327931023
    ));
#377 = CARTESIAN_POINT('',(2.35759043631,-1.440800068743,1.291923098618)
  );
#378 = CARTESIAN_POINT('',(2.375806610803,-1.444462965449,1.27972906855)
  );
#379 = CARTESIAN_POINT('',(2.39420481784,-1.447224080518,1.267605053117)
  );
#380 = CARTESIAN_POINT('',(2.412736371892,-1.449072604668,1.25558510909)
  );
#381 = CARTESIAN_POINT('',(2.431351631645,-1.45,1.243704132188));
#382 = CARTESIAN_POINT('',(2.45,-1.45,1.231997857076));
#383 = PCURVE('',#45,#384);
#384 = DEFINITIONAL_REPRESENTATION('',(#385),#403);
#385 = B_SPLINE_CURVE_WITH_KNOTS('',6,(#386,#387,#388,#389,#390,#391,
    #392,#393,#394,#395,#396,#397,#398,#399,#400,#401,#402),
  .UNSPECIFIED.,.F.,.F.,(7,5,5,7),(0.,0.378464721132,0.839638914249,1.),
  .UNSPECIFIED.);
#386 = CARTESIAN_POINT('',(5.819537698179,1.089569617297));
#387 = CARTESIAN_POINT('',(5.801115865466,1.08475994359));
#388 = CARTESIAN_POINT('',(5.784297855374,1.078558951634));
#389 = CARTESIAN_POINT('',(5.769591778641,1.071126094748));
#390 = CARTESIAN_POINT('',(5.757271731776,1.062685150967));
#391 = CARTESIAN_POINT('',(5.747376787179,1.053464144135));
#392 = CARTESIAN_POINT('',(5.730664073646,1.031753388929));
#393 = CARTESIAN_POINT('',(5.724990465142,1.018988944014));
#394 = CARTESIAN_POINT('',(5.722693986277,1.005762833415));
#395 = CARTESIAN_POINT('',(5.723417005094,0.9924094954));
#396 = CARTESIAN_POINT('',(5.726824535523,0.979202418267));
#397 = CARTESIAN_POINT('',(5.734633269316,0.961934653203));
#398 = CARTESIAN_POINT('',(5.736936474764,0.957527337967));
#399 = CARTESIAN_POINT('',(5.739515577895,0.953178437455));
#400 = CARTESIAN_POINT('',(5.742358485234,0.948898330856));
#401 = CARTESIAN_POINT('',(5.745453601663,0.944697268434));
#402 = CARTESIAN_POINT('',(5.748789830425,0.940585371534));
#403 = ( GEOMETRIC_REPRESENTATION_CONTEXT(2) 
PARAMETRIC_REPRESENTATION_CONTEXT() REPRESENTATION_CONTEXT('2D SPACE',''
  ) );
#404 = PCURVE('',#405,#410);
#405 = CYLINDRICAL_SURFACE('',#406,0.45);
#406 = AXIS2_PLACEMENT_3D('',#407,#408,#409);
#407 = CARTESIAN_POINT('',(2.45,-1.,4.935));
#408 = DIRECTION('',(0.,0.,-1.));
#409 = DIRECTION('',(-1.,-0.,-0.));
#410 = DEFINITIONAL_REPRESENTATION('',(#411),#429);
#411 = B_SPLINE_CURVE_WITH_KNOTS('',6,(#412,#413,#414,#415,#416,#417,
    #418,#419,#420,#421,#422,#423,#424,#425,#426,#427,#428),
  .UNSPECIFIED.,.F.,.F.,(7,5,5,7),(0.,0.378464721132,0.839638914249,1.),
  .UNSPECIFIED.);
#412 = CARTESIAN_POINT('',(0.,3.323657038002));
#413 = CARTESIAN_POINT('',(-0.102343515068,3.334411795361));
#414 = CARTESIAN_POINT('',(-0.204321476643,3.348396597144));
#415 = CARTESIAN_POINT('',(-0.305755258205,3.365382737457));
#416 = CARTESIAN_POINT('',(-0.406568615803,3.385035572113));
#417 = CARTESIAN_POINT('',(-0.506723063789,3.406964371106));
#418 = CARTESIAN_POINT('',(-0.727454006455,3.459725064762));
#419 = CARTESIAN_POINT('',(-0.847716344584,3.491456952238));
#420 = CARTESIAN_POINT('',(-0.967119723762,3.525205407893));
#421 = CARTESIAN_POINT('',(-1.085903349425,3.560198261468));
#422 = CARTESIAN_POINT('',(-1.20437153704,3.595672068977));
#423 = CARTESIAN_POINT('',(-1.364171774692,3.643076901382));
#424 = CARTESIAN_POINT('',(-1.405412065828,3.65527093145));
#425 = CARTESIAN_POINT('',(-1.446678927711,3.667394946883));
#426 = CARTESIAN_POINT('',(-1.487988193701,3.67941489091));
#427 = CARTESIAN_POINT('',(-1.529355508229,3.691295867812));
#428 = CARTESIAN_POINT('',(-1.570796326795,3.703002142924));
#429 = ( GEOMETRIC_REPRESENTATION_CONTEXT(2) 
PARAMETRIC_REPRESENTATION_CONTEXT() REPRESENTATION_CONTEXT('2D SPACE',''
  ) );
#430 = ORIENTED_EDGE('',*,*,#431,.F.);
#431 = EDGE_CURVE('',#432,#362,#434,.T.);
#432 = VERTEX_POINT('',#433);
#433 = CARTESIAN_POINT('',(2.,-4.898587196589E-16,1.726554114693));
#434 = SURFACE_CURVE('',#435,(#440,#453),.PCURVE_S1.);
#435 = CIRCLE('',#436,4.397463205603);
#436 = AXIS2_PLACEMENT_3D('',#437,#438,#439);
#437 = CARTESIAN_POINT('',(2.,0.,-2.670909090909));
#438 = DIRECTION('',(1.,0.,0.));
#439 = DIRECTION('',(-0.,0.,1.));
#440 = PCURVE('',#45,#441);
#441 = DEFINITIONAL_REPRESENTATION('',(#442),#452);
#442 = B_SPLINE_CURVE_WITH_KNOTS('',8,(#443,#444,#445,#446,#447,#448,
    #449,#450,#451),.UNSPECIFIED.,.F.,.F.,(9,9),(0.,0.22941083684),
  .PIECEWISE_BEZIER_KNOTS.);
#443 = CARTESIAN_POINT('',(6.28318530718,1.143951538542));
#444 = CARTESIAN_POINT('',(6.220133700057,1.143951538542));
#445 = CARTESIAN_POINT('',(6.157082132466,1.141885139819));
#446 = CARTESIAN_POINT('',(6.094873205279,1.13775243369));
#447 = CARTESIAN_POINT('',(6.034351064488,1.131609215808));
#448 = CARTESIAN_POINT('',(5.976219363491,1.123569084983));
#449 = CARTESIAN_POINT('',(5.920910498952,1.113778687244));
#450 = CARTESIAN_POINT('',(5.86865744953,1.102394072946));
#451 = CARTESIAN_POINT('',(5.819537698179,1.089569617297));
#452 = ( GEOMETRIC_REPRESENTATION_CONTEXT(2) 
PARAMETRIC_REPRESENTATION_CONTEXT() REPRESENTATION_CONTEXT('2D SPACE',''
  ) );
#453 = PCURVE('',#454,#459);
#454 = PLANE('',#455);
#455 = AXIS2_PLACEMENT_3D('',#456,#457,#458);
#456 = CARTESIAN_POINT('',(2.,0.,4.935));
#457 = DIRECTION('',(1.,0.,0.));
#458 = DIRECTION('',(0.,0.,-1.));
#459 = DEFINITIONAL_REPRESENTATION('',(#460),#464);
#460 = CIRCLE('',#461,4.397463205603);
#461 = AXIS2_PLACEMENT_2D('',#462,#463);
#462 = CARTESIAN_POINT('',(7.605909090909,0.));
#463 = DIRECTION('',(-1.,0.));
#464 = ( GEOMETRIC_REPRESENTATION_CONTEXT(2) 
PARAMETRIC_REPRESENTATION_CONTEXT() REPRESENTATION_CONTEXT('2D SPACE',''
  ) );
#465 = ORIENTED_EDGE('',*,*,#466,.T.);
#466 = EDGE_CURVE('',#432,#467,#469,.T.);
#467 = VERTEX_POINT('',#468);
#468 = CARTESIAN_POINT('',(2.958078677577E-16,-7.245203168241E-32,2.16)
  );
#469 = SEAM_CURVE('',#470,(#475,#482),.PCURVE_S1.);
#470 = CIRCLE('',#471,4.830909090909);
#471 = AXIS2_PLACEMENT_3D('',#472,#473,#474);
#472 = CARTESIAN_POINT('',(0.,0.,-2.670909090909));
#473 = DIRECTION('',(-2.449293598295E-16,-1.,0.));
#474 = DIRECTION('',(1.,-2.449293598295E-16,0.));
#475 = PCURVE('',#45,#476);
#476 = DEFINITIONAL_REPRESENTATION('',(#477),#481);
#477 = LINE('',#478,#479);
#478 = CARTESIAN_POINT('',(0.,-6.28318530718));
#479 = VECTOR('',#480,1.);
#480 = DIRECTION('',(0.,1.));
#481 = ( GEOMETRIC_REPRESENTATION_CONTEXT(2) 
PARAMETRIC_REPRESENTATION_CONTEXT() REPRESENTATION_CONTEXT('2D SPACE',''
  ) );
#482 = PCURVE('',#45,#483);
#483 = DEFINITIONAL_REPRESENTATION('',(#484),#488);
#484 = LINE('',#485,#486);
#485 = CARTESIAN_POINT('',(6.28318530718,-6.28318530718));
#486 = VECTOR('',#487,1.);
#487 = DIRECTION('',(0.,1.));
#488 = ( GEOMETRIC_REPRESENTATION_CONTEXT(2) 
PARAMETRIC_REPRESENTATION_CONTEXT() REPRESENTATION_CONTEXT('2D SPACE',''
  ) );
#489 = ORIENTED_EDGE('',*,*,#466,.F.);
#490 = ORIENTED_EDGE('',*,*,#491,.F.);
#491 = EDGE_CURVE('',#492,#432,#494,.T.);
#492 = VERTEX_POINT('',#493);
#493 = CARTESIAN_POINT('',(2.,1.,1.611342961998));
#494 = SURFACE_CURVE('',#495,(#500,#513),.PCURVE_S1.);
#495 = CIRCLE('',#496,4.397463205603);
#496 = AXIS2_PLACEMENT_3D('',#497,#498,#499);
#497 = CARTESIAN_POINT('',(2.,0.,-2.670909090909));
#498 = DIRECTION('',(1.,0.,0.));
#499 = DIRECTION('',(-0.,0.,1.));
#500 = PCURVE('',#45,#501);
#501 = DEFINITIONAL_REPRESENTATION('',(#502),#512);
#502 = B_SPLINE_CURVE_WITH_KNOTS('',8,(#503,#504,#505,#506,#507,#508,
    #509,#510,#511),.UNSPECIFIED.,.F.,.F.,(9,9),(6.05377447034,
    6.28318530718),.PIECEWISE_BEZIER_KNOTS.);
#503 = CARTESIAN_POINT('',(0.463647609001,1.089569617297));
#504 = CARTESIAN_POINT('',(0.41452785765,1.102394072946));
#505 = CARTESIAN_POINT('',(0.362274808227,1.113778687244));
#506 = CARTESIAN_POINT('',(0.30696594369,1.12356908499));
#507 = CARTESIAN_POINT('',(0.248834242689,1.131609215803));
#508 = CARTESIAN_POINT('',(0.188312101902,1.137752433694));
#509 = CARTESIAN_POINT('',(0.126103174713,1.141885139818));
#510 = CARTESIAN_POINT('',(6.305160712305E-02,1.143951538542));
#511 = CARTESIAN_POINT('',(5.385339239109E-16,1.143951538542));
#512 = ( GEOMETRIC_REPRESENTATION_CONTEXT(2) 
PARAMETRIC_REPRESENTATION_CONTEXT() REPRESENTATION_CONTEXT('2D SPACE',''
  ) );
#513 = PCURVE('',#454,#514);
#514 = DEFINITIONAL_REPRESENTATION('',(#515),#519);
#515 = CIRCLE('',#516,4.397463205603);
#516 = AXIS2_PLACEMENT_2D('',#517,#518);
#517 = CARTESIAN_POINT('',(7.605909090909,0.));
#518 = DIRECTION('',(-1.,0.));
#519 = ( GEOMETRIC_REPRESENTATION_CONTEXT(2) 
PARAMETRIC_REPRESENTATION_CONTEXT() REPRESENTATION_CONTEXT('2D SPACE',''
  ) );
#520 = ORIENTED_EDGE('',*,*,#521,.F.);
#521 = EDGE_CURVE('',#522,#492,#524,.T.);
#522 = VERTEX_POINT('',#523);
#523 = CARTESIAN_POINT('',(2.45,1.45,1.231997857076));
#524 = SURFACE_CURVE('',#525,(#543,#564),.PCURVE_S1.);
#525 = B_SPLINE_CURVE_WITH_KNOTS('',6,(#526,#527,#528,#529,#530,#531,
    #532,#533,#534,#535,#536,#537,#538,#539,#540,#541,#542),
  .UNSPECIFIED.,.F.,.F.,(7,5,5,7),(0.,0.161384020608,0.624536682547,1.),
  .UNSPECIFIED.);
#526 = CARTESIAN_POINT('',(2.45,1.45,1.231997857076));
#527 = CARTESIAN_POINT('',(2.431232483564,1.45,1.243778925874));
#528 = CARTESIAN_POINT('',(2.412498689089,1.449060727299,1.255736815109)
  );
#529 = CARTESIAN_POINT('',(2.393850018069,1.447188570713,1.267835208183)
  );
#530 = CARTESIAN_POINT('',(2.37533698535,1.444392249772,1.280038590129)
  );
#531 = CARTESIAN_POINT('',(2.35700921913,1.44068281472,1.292312247608));
#532 = CARTESIAN_POINT('',(2.286988558711,1.422845890044,1.339950544369)
  );
#533 = CARTESIAN_POINT('',(2.236995228864,1.402209101112,1.375574126106)
  );
#534 = CARTESIAN_POINT('',(2.190071037233,1.374477694547,1.41070243659)
  );
#535 = CARTESIAN_POINT('',(2.147352886512,1.340114105405,1.444562269182)
  );
#536 = CARTESIAN_POINT('',(2.109987724549,1.299825321218,1.476371210307)
  );
#537 = CARTESIAN_POINT('',(2.053835110968,1.218007518252,1.528903850799)
  );
#538 = CARTESIAN_POINT('',(2.032868851866,1.178156267111,1.550586916894)
  );
#539 = CARTESIAN_POINT('',(2.016626005836,1.135655481465,1.570020941598)
  );
#540 = CARTESIAN_POINT('',(2.005566650063,1.091216491282,1.58682514573)
  );
#541 = CARTESIAN_POINT('',(2.,1.045689047654,1.600673564894));
#542 = CARTESIAN_POINT('',(2.,1.,1.611342961998));
#543 = PCURVE('',#45,#544);
#544 = DEFINITIONAL_REPRESENTATION('',(#545),#563);
#545 = B_SPLINE_CURVE_WITH_KNOTS('',6,(#546,#547,#548,#549,#550,#551,
    #552,#553,#554,#555,#556,#557,#558,#559,#560,#561,#562),
  .UNSPECIFIED.,.F.,.F.,(7,5,5,7),(0.,0.161384020608,0.624536682547,1.),
  .UNSPECIFIED.);
#546 = CARTESIAN_POINT('',(0.534395476754,0.940585371534));
#547 = CARTESIAN_POINT('',(0.537753021336,0.94472354015));
#548 = CARTESIAN_POINT('',(0.540866331985,0.948951974194));
#549 = CARTESIAN_POINT('',(0.543724128507,0.953260395358));
#550 = CARTESIAN_POINT('',(0.546314603379,0.957638371813));
#551 = CARTESIAN_POINT('',(0.548625421746,0.962075318215));
#552 = CARTESIAN_POINT('',(0.556435997904,0.979432413768));
#553 = CARTESIAN_POINT('',(0.559818588799,0.992700013149));
#554 = CARTESIAN_POINT('',(0.560489360241,1.006111661667));
#555 = CARTESIAN_POINT('',(0.558108705196,1.01938997816));
#556 = CARTESIAN_POINT('',(0.552314444765,1.032195134952));
#557 = CARTESIAN_POINT('',(0.535414579293,1.053829342053));
#558 = CARTESIAN_POINT('',(0.52552177505,1.062952560958));
#559 = CARTESIAN_POINT('',(0.513243229132,1.071302754183));
#560 = CARTESIAN_POINT('',(0.498620451972,1.078657276045));
#561 = CARTESIAN_POINT('',(0.481923228062,1.084798117856));
#562 = CARTESIAN_POINT('',(0.463647609001,1.089569617297));
#563 = ( GEOMETRIC_REPRESENTATION_CONTEXT(2) 
PARAMETRIC_REPRESENTATION_CONTEXT() REPRESENTATION_CONTEXT('2D SPACE',''
  ) );
#564 = PCURVE('',#565,#570);
#565 = CYLINDRICAL_SURFACE('',#566,0.45);
#566 = AXIS2_PLACEMENT_3D('',#567,#568,#569);
#567 = CARTESIAN_POINT('',(2.45,1.,4.935));
#568 = DIRECTION('',(0.,0.,-1.));
#569 = DIRECTION('',(0.,1.,0.));
#570 = DEFINITIONAL_REPRESENTATION('',(#571),#589);
#571 = B_SPLINE_CURVE_WITH_KNOTS('',6,(#572,#573,#574,#575,#576,#577,
    #578,#579,#580,#581,#582,#583,#584,#585,#586,#587,#588),
  .UNSPECIFIED.,.F.,.F.,(7,5,5,7),(0.,0.161384020608,0.624536682547,1.),
  .UNSPECIFIED.);
#572 = CARTESIAN_POINT('',(0.,3.703002142924));
#573 = CARTESIAN_POINT('',(-4.170559208072E-02,3.691221074126));
#574 = CARTESIAN_POINT('',(-8.333631917357E-02,3.679263184891));
#575 = CARTESIAN_POINT('',(-0.12490831179,3.667164791817));
#576 = CARTESIAN_POINT('',(-0.166437686886,3.654961409871));
#577 = CARTESIAN_POINT('',(-0.207940547861,3.642687752392));
#578 = CARTESIAN_POINT('',(-0.368511270211,3.595049455631));
#579 = CARTESIAN_POINT('',(-0.487489800389,3.559425873894));
#580 = CARTESIAN_POINT('',(-0.606791566938,3.52429756341));
#581 = CARTESIAN_POINT('',(-0.726723689496,3.490437730818));
#582 = CARTESIAN_POINT('',(-0.847526984597,3.458628789693));
#583 = CARTESIAN_POINT('',(-1.068045664909,3.406096149201));
#584 = CARTESIAN_POINT('',(-1.167426299633,3.384413083106));
#585 = CARTESIAN_POINT('',(-1.267455013935,3.364979058402));
#586 = CARTESIAN_POINT('',(-1.36809318923,3.34817485427));
#587 = CARTESIAN_POINT('',(-1.469265109787,3.334326435106));
#588 = CARTESIAN_POINT('',(-1.570796326795,3.323657038002));
#589 = ( GEOMETRIC_REPRESENTATION_CONTEXT(2) 
PARAMETRIC_REPRESENTATION_CONTEXT() REPRESENTATION_CONTEXT('2D SPACE',''
  ) );
#590 = ORIENTED_EDGE('',*,*,#591,.F.);
#591 = EDGE_CURVE('',#592,#522,#594,.T.);
#592 = VERTEX_POINT('',#593);
#593 = CARTESIAN_POINT('',(2.775,1.45,1.008025217369));
#594 = SURFACE_CURVE('',#595,(#600,#648),.PCURVE_S1.);
#595 = CIRCLE('',#596,4.608164780542);
#596 = AXIS2_PLACEMENT_3D('',#597,#598,#599);
#597 = CARTESIAN_POINT('',(0.,1.45,-2.670909090909));
#598 = DIRECTION('',(0.,-1.,-0.));
#599 = DIRECTION('',(0.,0.,-1.));
#600 = PCURVE('',#45,#601);
#601 = DEFINITIONAL_REPRESENTATION('',(#602),#647);
#602 = B_SPLINE_CURVE_WITH_KNOTS('',8,(#603,#604,#605,#606,#607,#608,
    #609,#610,#611,#612,#613,#614,#615,#616,#617,#618,#619,#620,#621,
    #622,#623,#624,#625,#626,#627,#628,#629,#630,#631,#632,#633,#634,
    #635,#636,#637,#638,#639,#640,#641,#642,#643,#644,#645,#646),
  .UNSPECIFIED.,.F.,.F.,(9,7,7,7,7,7,9),(2.495348710831,2.81847068221,
    3.060812160745,3.242568269646,3.378885351322,3.583360973835,
    3.787836596349),.UNSPECIFIED.);
#603 = CARTESIAN_POINT('',(0.48150285414,0.865687133748));
#604 = CARTESIAN_POINT('',(0.503481553969,0.901485006511));
#605 = CARTESIAN_POINT('',(0.528338418183,0.936813057628));
#606 = CARTESIAN_POINT('',(0.556601297792,0.971572932711));
#607 = CARTESIAN_POINT('',(0.58893337986,1.005637605101));
#608 = CARTESIAN_POINT('',(0.62622180285,1.038833952196));
#609 = CARTESIAN_POINT('',(0.669566112223,1.070929884012));
#610 = CARTESIAN_POINT('',(0.720551939931,1.101578963197));
#611 = CARTESIAN_POINT('',(0.826089294412,1.151785696644));
#612 = CARTESIAN_POINT('',(0.876562945735,1.17220058161));
#613 = CARTESIAN_POINT('',(0.932984819798,1.191297722254));
#614 = CARTESIAN_POINT('',(0.996101945555,1.208806220905));
#615 = CARTESIAN_POINT('',(1.066528843196,1.224402746578));
#616 = CARTESIAN_POINT('',(1.144692335306,1.237678332168));
#617 = CARTESIAN_POINT('',(1.229724722049,1.248222527592));
#618 = CARTESIAN_POINT('',(1.387288446151,1.261391120068));
#619 = CARTESIAN_POINT('',(1.457630842987,1.265336400072));
#620 = CARTESIAN_POINT('',(1.529998987305,1.267461481284));
#621 = CARTESIAN_POINT('',(1.603300619351,1.267681929986));
#622 = CARTESIAN_POINT('',(1.676146385166,1.265975307054));
#623 = CARTESIAN_POINT('',(1.747247069177,1.262405345005));
#624 = CARTESIAN_POINT('',(1.815676251737,1.257084882437));
#625 = CARTESIAN_POINT('',(1.929687906511,1.244954895927));
#626 = CARTESIAN_POINT('',(1.976705422725,1.23885016689));
#627 = CARTESIAN_POINT('',(2.021622413632,1.231898052629));
#628 = CARTESIAN_POINT('',(2.064288386122,1.2241657756));
#629 = CARTESIAN_POINT('',(2.104655121116,1.215722410329));
#630 = CARTESIAN_POINT('',(2.142748719181,1.206634420749));
#631 = CARTESIAN_POINT('',(2.178637855004,1.196963279132));
#632 = CARTESIAN_POINT('',(2.263091385786,1.171467877965));
#633 = CARTESIAN_POINT('',(2.309020979581,1.154984805627));
#634 = CARTESIAN_POINT('',(2.350533595761,1.137505420359));
#635 = CARTESIAN_POINT('',(2.388089749331,1.119190790357));
#636 = CARTESIAN_POINT('',(2.422144136281,1.100170527429));
#637 = CARTESIAN_POINT('',(2.453102888184,1.080548408617));
#638 = CARTESIAN_POINT('',(2.48132655037,1.06040986575));
#639 = CARTESIAN_POINT('',(2.532926380888,1.019239300977));
#640 = CARTESIAN_POINT('',(2.556302504924,0.998207313128));
#641 = CARTESIAN_POINT('',(2.577567225489,0.976798408023));
#642 = CARTESIAN_POINT('',(2.596983855458,0.955067346191));
#643 = CARTESIAN_POINT('',(2.614773243224,0.933057856851));
#644 = CARTESIAN_POINT('',(2.631120437062,0.910805654412));
#645 = CARTESIAN_POINT('',(2.646181403464,0.888340475106));
#646 = CARTESIAN_POINT('',(2.660089799449,0.865687133748));
#647 = ( GEOMETRIC_REPRESENTATION_CONTEXT(2) 
PARAMETRIC_REPRESENTATION_CONTEXT() REPRESENTATION_CONTEXT('2D SPACE',''
  ) );
#648 = PCURVE('',#649,#654);
#649 = PLANE('',#650);
#650 = AXIS2_PLACEMENT_3D('',#651,#652,#653);
#651 = CARTESIAN_POINT('',(3.586667464128E-17,1.45,4.075471507895));
#652 = DIRECTION('',(-0.,-1.,-0.));
#653 = DIRECTION('',(0.,0.,-1.));
#654 = DEFINITIONAL_REPRESENTATION('',(#655),#659);
#655 = CIRCLE('',#656,4.608164780542);
#656 = AXIS2_PLACEMENT_2D('',#657,#658);
#657 = CARTESIAN_POINT('',(6.746380598804,-3.586667464128E-17));
#658 = DIRECTION('',(1.,0.));
#659 = ( GEOMETRIC_REPRESENTATION_CONTEXT(2) 
PARAMETRIC_REPRESENTATION_CONTEXT() REPRESENTATION_CONTEXT('2D SPACE',''
  ) );
#660 = ORIENTED_EDGE('',*,*,#661,.T.);
#661 = EDGE_CURVE('',#592,#118,#662,.T.);
#662 = SURFACE_CURVE('',#663,(#681,#702),.PCURVE_S1.);
#663 = B_SPLINE_CURVE_WITH_KNOTS('',6,(#664,#665,#666,#667,#668,#669,
    #670,#671,#672,#673,#674,#675,#676,#677,#678,#679,#680),
  .UNSPECIFIED.,.F.,.F.,(7,5,5,7),(0.,0.388923024902,0.785865999703,1.),
  .UNSPECIFIED.);
#664 = CARTESIAN_POINT('',(2.775,1.45,1.008025217369));
#665 = CARTESIAN_POINT('',(2.818403980231,1.45,0.975285832795));
#666 = CARTESIAN_POINT('',(2.862005093405,1.444976297149,0.943413614602)
  );
#667 = CARTESIAN_POINT('',(2.905217303246,1.434843047456,0.912908992066)
  );
#668 = CARTESIAN_POINT('',(2.947386455547,1.419546368441,0.884347681391)
  );
#669 = CARTESIAN_POINT('',(2.987757767049,1.399125214906,0.85839897995)
  );
#670 = CARTESIAN_POINT('',(3.064067421665,1.347984120348,0.812594960431)
  );
#671 = CARTESIAN_POINT('',(3.099915269511,1.317048211192,0.792865709837)
  );
#672 = CARTESIAN_POINT('',(3.132136702875,1.281296914043,0.777296099311)
  );
#673 = CARTESIAN_POINT('',(3.159782044523,1.241282097158,0.766601612974)
  );
#674 = CARTESIAN_POINT('',(3.182006143423,1.197935079278,0.761262727358)
  );
#675 = CARTESIAN_POINT('',(3.207201115257,1.127988001982,0.761271768398)
  );
#676 = CARTESIAN_POINT('',(3.214327768605,1.102861909561,0.762830396095)
  );
#677 = CARTESIAN_POINT('',(3.21968360032,1.077309567653,0.765945125671)
  );
#678 = CARTESIAN_POINT('',(3.22323932616,1.051524370627,0.7705775627));
#679 = CARTESIAN_POINT('',(3.225,1.025695623537,0.776658415285));
#680 = CARTESIAN_POINT('',(3.225,1.,0.784095633346));
#681 = PCURVE('',#45,#682);
#682 = DEFINITIONAL_REPRESENTATION('',(#683),#701);
#683 = B_SPLINE_CURVE_WITH_KNOTS('',6,(#684,#685,#686,#687,#688,#689,
    #690,#691,#692,#693,#694,#695,#696,#697,#698,#699,#700),
  .UNSPECIFIED.,.F.,.F.,(7,5,5,7),(0.,0.388923024902,0.785865999703,1.),
  .UNSPECIFIED.);
#684 = CARTESIAN_POINT('',(0.48150285414,0.865687133748));
#685 = CARTESIAN_POINT('',(0.475082883842,0.855230588015));
#686 = CARTESIAN_POINT('',(0.467401011814,0.845205183977));
#687 = CARTESIAN_POINT('',(0.458570340759,0.835744782243));
#688 = CARTESIAN_POINT('',(0.4486923927,0.826996917387));
#689 = CARTESIAN_POINT('',(0.437872269545,0.819128756701));
#690 = CARTESIAN_POINT('',(0.414363511194,0.805344091019));
#691 = CARTESIAN_POINT('',(0.401635382709,0.799467938041));
#692 = CARTESIAN_POINT('',(0.388209026187,0.794868776525));
#693 = CARTESIAN_POINT('',(0.374272560892,0.791723327167));
#694 = CARTESIAN_POINT('',(0.36006123292,0.790152865988));
#695 = CARTESIAN_POINT('',(0.338192614441,0.790155525366));
#696 = CARTESIAN_POINT('',(0.330528892031,0.790613998296));
#697 = CARTESIAN_POINT('',(0.322906976196,0.791530153017));
#698 = CARTESIAN_POINT('',(0.315366700382,0.792894387789));
#699 = CARTESIAN_POINT('',(0.307945149552,0.794689365143));
#700 = CARTESIAN_POINT('',(0.3006763914,0.79689201865));
#701 = ( GEOMETRIC_REPRESENTATION_CONTEXT(2) 
PARAMETRIC_REPRESENTATION_CONTEXT() REPRESENTATION_CONTEXT('2D SPACE',''
  ) );
#702 = PCURVE('',#133,#703);
#703 = DEFINITIONAL_REPRESENTATION('',(#704),#722);
#704 = B_SPLINE_CURVE_WITH_KNOTS('',6,(#705,#706,#707,#708,#709,#710,
    #711,#712,#713,#714,#715,#716,#717,#718,#719,#720,#721),
  .UNSPECIFIED.,.F.,.F.,(7,5,5,7),(0.,0.388923024902,0.785865999703,1.),
  .UNSPECIFIED.);
#705 = CARTESIAN_POINT('',(0.,0.828025217369));
#706 = CARTESIAN_POINT('',(-9.645328940221E-02,0.795285832795));
#707 = CARTESIAN_POINT('',(-0.193344427479,0.763413614602));
#708 = CARTESIAN_POINT('',(-0.290987762322,0.732908992066));
#709 = CARTESIAN_POINT('',(-0.389613618547,0.704347681391));
#710 = CARTESIAN_POINT('',(-0.489403036454,0.67839897995));
#711 = CARTESIAN_POINT('',(-0.693540184012,0.632594960431));
#712 = CARTESIAN_POINT('',(-0.797987400827,0.612865709837));
#713 = CARTESIAN_POINT('',(-0.903673402995,0.597296099311));
#714 = CARTESIAN_POINT('',(-1.010380934736,0.586601612974));
#715 = CARTESIAN_POINT('',(-1.11774358902,0.581262727358));
#716 = CARTESIAN_POINT('',(-1.282957707151,0.581271768398));
#717 = CARTESIAN_POINT('',(-1.340856239928,0.582830396095));
#718 = CARTESIAN_POINT('',(-1.398662510194,0.585945125671));
#719 = CARTESIAN_POINT('',(-1.456297526806,0.5905775627));
#720 = CARTESIAN_POINT('',(-1.513694941157,0.596658415285));
#721 = CARTESIAN_POINT('',(-1.570796326795,0.604095633346));
#722 = ( GEOMETRIC_REPRESENTATION_CONTEXT(2) 
PARAMETRIC_REPRESENTATION_CONTEXT() REPRESENTATION_CONTEXT('2D SPACE',''
  ) );
#723 = ORIENTED_EDGE('',*,*,#145,.F.);
#724 = ORIENTED_EDGE('',*,*,#203,.F.);
#725 = FACE_BOUND('',#726,.T.);
#726 = EDGE_LOOP('',(#727,#799,#864,#934,#972,#1042,#1107,#1177));
#727 = ORIENTED_EDGE('',*,*,#728,.T.);
#728 = EDGE_CURVE('',#729,#731,#733,.T.);
#729 = VERTEX_POINT('',#730);
#730 = CARTESIAN_POINT('',(-2.,-1.,1.611342961998));
#731 = VERTEX_POINT('',#732);
#732 = CARTESIAN_POINT('',(-2.45,-1.45,1.231997857076));
#733 = SURFACE_CURVE('',#734,(#752,#773),.PCURVE_S1.);
#734 = B_SPLINE_CURVE_WITH_KNOTS('',6,(#735,#736,#737,#738,#739,#740,
    #741,#742,#743,#744,#745,#746,#747,#748,#749,#750,#751),
  .UNSPECIFIED.,.F.,.F.,(7,5,5,7),(0.,0.378464721132,0.839638914249,1.),
  .UNSPECIFIED.);
#735 = CARTESIAN_POINT('',(-2.,-1.,1.611342961998));
#736 = CARTESIAN_POINT('',(-2.,-1.046054581781,1.600588204639));
#737 = CARTESIAN_POINT('',(-2.00565607944,-1.091944749605,1.586603402856
    ));
#738 = CARTESIAN_POINT('',(-2.016892396456,-1.136721222235,
    1.569617262543));
#739 = CARTESIAN_POINT('',(-2.033390263197,-1.179514662694,
    1.549964427887));
#740 = CARTESIAN_POINT('',(-2.05467624979,-1.219598915557,1.528035628894
    ));
#741 = CARTESIAN_POINT('',(-2.11127014956,-1.301228356884,1.475274935238
    ));
#742 = CARTESIAN_POINT('',(-2.148627531392,-1.34118089738,1.443543047762
    ));
#743 = CARTESIAN_POINT('',(-2.191267754918,-1.37524290431,1.409794592107
    ));
#744 = CARTESIAN_POINT('',(-2.238058633585,-1.402720442662,
    1.374801738533));
#745 = CARTESIAN_POINT('',(-2.287877826959,-1.423158765559,
    1.339327931023));
#746 = CARTESIAN_POINT('',(-2.35759043631,-1.440800068743,1.291923098618
    ));
#747 = CARTESIAN_POINT('',(-2.375806610803,-1.444462965449,1.27972906855
    ));
#748 = CARTESIAN_POINT('',(-2.39420481784,-1.447224080518,1.267605053117
    ));
#749 = CARTESIAN_POINT('',(-2.412736371892,-1.449072604668,1.25558510909
    ));
#750 = CARTESIAN_POINT('',(-2.431351631645,-1.45,1.243704132188));
#751 = CARTESIAN_POINT('',(-2.45,-1.45,1.231997857076));
#752 = PCURVE('',#45,#753);
#753 = DEFINITIONAL_REPRESENTATION('',(#754),#772);
#754 = B_SPLINE_CURVE_WITH_KNOTS('',6,(#755,#756,#757,#758,#759,#760,
    #761,#762,#763,#764,#765,#766,#767,#768,#769,#770,#771),
  .UNSPECIFIED.,.F.,.F.,(7,5,5,7),(0.,0.378464721132,0.839638914249,1.),
  .UNSPECIFIED.);
#755 = CARTESIAN_POINT('',(3.605240262591,1.089569617297));
#756 = CARTESIAN_POINT('',(3.623662095303,1.08475994359));
#757 = CARTESIAN_POINT('',(3.640480105396,1.078558951634));
#758 = CARTESIAN_POINT('',(3.655186182128,1.071126094748));
#759 = CARTESIAN_POINT('',(3.667506228994,1.062685150967));
#760 = CARTESIAN_POINT('',(3.67740117359,1.053464144135));
#761 = CARTESIAN_POINT('',(3.694113887124,1.031753388929));
#762 = CARTESIAN_POINT('',(3.699787495628,1.018988944014));
#763 = CARTESIAN_POINT('',(3.702083974493,1.005762833415));
#764 = CARTESIAN_POINT('',(3.701360955675,0.9924094954));
#765 = CARTESIAN_POINT('',(3.697953425246,0.979202418267));
#766 = CARTESIAN_POINT('',(3.690144691453,0.961934653203));
#767 = CARTESIAN_POINT('',(3.687841486005,0.957527337967));
#768 = CARTESIAN_POINT('',(3.685262382874,0.953178437455));
#769 = CARTESIAN_POINT('',(3.682419475536,0.948898330856));
#770 = CARTESIAN_POINT('',(3.679324359106,0.944697268434));
#771 = CARTESIAN_POINT('',(3.675988130344,0.940585371534));
#772 = ( GEOMETRIC_REPRESENTATION_CONTEXT(2) 
PARAMETRIC_REPRESENTATION_CONTEXT() REPRESENTATION_CONTEXT('2D SPACE',''
  ) );
#773 = PCURVE('',#774,#779);
#774 = CYLINDRICAL_SURFACE('',#775,0.45);
#775 = AXIS2_PLACEMENT_3D('',#776,#777,#778);
#776 = CARTESIAN_POINT('',(-2.45,-1.,0.18));
#777 = DIRECTION('',(0.,0.,1.));
#778 = DIRECTION('',(1.,0.,-0.));
#779 = DEFINITIONAL_REPRESENTATION('',(#780),#798);
#780 = B_SPLINE_CURVE_WITH_KNOTS('',6,(#781,#782,#783,#784,#785,#786,
    #787,#788,#789,#790,#791,#792,#793,#794,#795,#796,#797),
  .UNSPECIFIED.,.F.,.F.,(7,5,5,7),(0.,0.378464721132,0.839638914249,1.),
  .UNSPECIFIED.);
#781 = CARTESIAN_POINT('',(0.,1.431342961998));
#782 = CARTESIAN_POINT('',(-0.102343515068,1.420588204639));
#783 = CARTESIAN_POINT('',(-0.204321476643,1.406603402856));
#784 = CARTESIAN_POINT('',(-0.305755258205,1.389617262543));
#785 = CARTESIAN_POINT('',(-0.406568615803,1.369964427887));
#786 = CARTESIAN_POINT('',(-0.506723063789,1.348035628894));
#787 = CARTESIAN_POINT('',(-0.727454006455,1.295274935238));
#788 = CARTESIAN_POINT('',(-0.847716344584,1.263543047762));
#789 = CARTESIAN_POINT('',(-0.967119723762,1.229794592107));
#790 = CARTESIAN_POINT('',(-1.085903349424,1.194801738533));
#791 = CARTESIAN_POINT('',(-1.20437153704,1.159327931023));
#792 = CARTESIAN_POINT('',(-1.364171774692,1.111923098618));
#793 = CARTESIAN_POINT('',(-1.405412065828,1.09972906855));
#794 = CARTESIAN_POINT('',(-1.446678927711,1.087605053117));
#795 = CARTESIAN_POINT('',(-1.487988193701,1.07558510909));
#796 = CARTESIAN_POINT('',(-1.529355508229,1.063704132188));
#797 = CARTESIAN_POINT('',(-1.570796326795,1.051997857076));
#798 = ( GEOMETRIC_REPRESENTATION_CONTEXT(2) 
PARAMETRIC_REPRESENTATION_CONTEXT() REPRESENTATION_CONTEXT('2D SPACE',''
  ) );
#799 = ORIENTED_EDGE('',*,*,#800,.T.);
#800 = EDGE_CURVE('',#731,#801,#803,.T.);
#801 = VERTEX_POINT('',#802);
#802 = CARTESIAN_POINT('',(-2.775,-1.45,1.008025217369));
#803 = SURFACE_CURVE('',#804,(#809,#857),.PCURVE_S1.);
#804 = CIRCLE('',#805,4.608164780542);
#805 = AXIS2_PLACEMENT_3D('',#806,#807,#808);
#806 = CARTESIAN_POINT('',(0.,-1.45,-2.670909090909));
#807 = DIRECTION('',(0.,-1.,-0.));
#808 = DIRECTION('',(0.,0.,-1.));
#809 = PCURVE('',#45,#810);
#810 = DEFINITIONAL_REPRESENTATION('',(#811),#856);
#811 = B_SPLINE_CURVE_WITH_KNOTS('',8,(#812,#813,#814,#815,#816,#817,
    #818,#819,#820,#821,#822,#823,#824,#825,#826,#827,#828,#829,#830,
    #831,#832,#833,#834,#835,#836,#837,#838,#839,#840,#841,#842,#843,
    #844,#845,#846,#847,#848,#849,#850,#851,#852,#853,#854,#855),
  .UNSPECIFIED.,.F.,.F.,(9,7,7,7,7,7,9),(2.495348710831,2.81847068221,
    3.060812160745,3.242568269646,3.378885351322,3.583360973835,
    3.787836596349),.UNSPECIFIED.);
#812 = CARTESIAN_POINT('',(5.801682453039,0.865687133748));
#813 = CARTESIAN_POINT('',(5.77970375321,0.901485006511));
#814 = CARTESIAN_POINT('',(5.754846888996,0.936813057628));
#815 = CARTESIAN_POINT('',(5.726584009382,0.971572932711));
#816 = CARTESIAN_POINT('',(5.69425192734,1.005637605101));
#817 = CARTESIAN_POINT('',(5.656963504323,1.038833952196));
#818 = CARTESIAN_POINT('',(5.613619194953,1.070929884012));
#819 = CARTESIAN_POINT('',(5.562633367249,1.101578963197));
#820 = CARTESIAN_POINT('',(5.457096012767,1.151785696644));
#821 = CARTESIAN_POINT('',(5.406622361442,1.17220058161));
#822 = CARTESIAN_POINT('',(5.35020048735,1.191297722254));
#823 = CARTESIAN_POINT('',(5.287083361603,1.208806220905));
#824 = CARTESIAN_POINT('',(5.216656463948,1.224402746578));
#825 = CARTESIAN_POINT('',(5.138492971872,1.237678332168));
#826 = CARTESIAN_POINT('',(5.053460585131,1.248222527592));
#827 = CARTESIAN_POINT('',(4.895896861028,1.261391120068));
#828 = CARTESIAN_POINT('',(4.825554464187,1.265336400072));
#829 = CARTESIAN_POINT('',(4.75318631988,1.267461481284));
#830 = CARTESIAN_POINT('',(4.679884687805,1.267681929986));
#831 = CARTESIAN_POINT('',(4.60703892202,1.265975307054));
#832 = CARTESIAN_POINT('',(4.535938238,1.262405345005));
#833 = CARTESIAN_POINT('',(4.467509055442,1.257084882437));
#834 = CARTESIAN_POINT('',(4.353497400668,1.244954895927));
#835 = CARTESIAN_POINT('',(4.306479884455,1.23885016689));
#836 = CARTESIAN_POINT('',(4.261562893547,1.231898052629));
#837 = CARTESIAN_POINT('',(4.218896921056,1.2241657756));
#838 = CARTESIAN_POINT('',(4.178530186063,1.215722410329));
#839 = CARTESIAN_POINT('',(4.140436587998,1.206634420749));
#840 = CARTESIAN_POINT('',(4.104547452176,1.196963279132));
#841 = CARTESIAN_POINT('',(4.020093921394,1.171467877965));
#842 = CARTESIAN_POINT('',(3.974164327598,1.154984805627));
#843 = CARTESIAN_POINT('',(3.93265171142,1.137505420359));
#844 = CARTESIAN_POINT('',(3.895095557849,1.119190790357));
#845 = CARTESIAN_POINT('',(3.861041170899,1.100170527429));
#846 = CARTESIAN_POINT('',(3.830082418995,1.080548408617));
#847 = CARTESIAN_POINT('',(3.801858756809,1.06040986575));
#848 = CARTESIAN_POINT('',(3.750258926292,1.019239300977));
#849 = CARTESIAN_POINT('',(3.726882802256,0.998207313128));
#850 = CARTESIAN_POINT('',(3.705618081691,0.976798408023));
#851 = CARTESIAN_POINT('',(3.686201451721,0.955067346191));
#852 = CARTESIAN_POINT('',(3.668412063955,0.933057856851));
#853 = CARTESIAN_POINT('',(3.652064870118,0.910805654412));
#854 = CARTESIAN_POINT('',(3.637003903716,0.888340475106));
#855 = CARTESIAN_POINT('',(3.62309550773,0.865687133748));
#856 = ( GEOMETRIC_REPRESENTATION_CONTEXT(2) 
PARAMETRIC_REPRESENTATION_CONTEXT() REPRESENTATION_CONTEXT('2D SPACE',''
  ) );
#857 = PCURVE('',#349,#858);
#858 = DEFINITIONAL_REPRESENTATION('',(#859),#863);
#859 = CIRCLE('',#860,4.608164780542);
#860 = AXIS2_PLACEMENT_2D('',#861,#862);
#861 = CARTESIAN_POINT('',(6.746380598804,-3.586667464128E-17));
#862 = DIRECTION('',(1.,0.));
#863 = ( GEOMETRIC_REPRESENTATION_CONTEXT(2) 
PARAMETRIC_REPRESENTATION_CONTEXT() REPRESENTATION_CONTEXT('2D SPACE',''
  ) );
#864 = ORIENTED_EDGE('',*,*,#865,.F.);
#865 = EDGE_CURVE('',#866,#801,#868,.T.);
#866 = VERTEX_POINT('',#867);
#867 = CARTESIAN_POINT('',(-3.225,-1.,0.784095633346));
#868 = SURFACE_CURVE('',#869,(#887,#908),.PCURVE_S1.);
#869 = B_SPLINE_CURVE_WITH_KNOTS('',6,(#870,#871,#872,#873,#874,#875,
    #876,#877,#878,#879,#880,#881,#882,#883,#884,#885,#886),
  .UNSPECIFIED.,.F.,.F.,(7,5,5,7),(0.,0.215106720316,0.612089832057,1.),
  .UNSPECIFIED.);
#870 = CARTESIAN_POINT('',(-3.225,-1.,0.784095633346));
#871 = CARTESIAN_POINT('',(-3.225,-1.025812637696,0.776624547268));
#872 = CARTESIAN_POINT('',(-3.223223256285,-1.051759335787,
    0.770522286084));
#873 = CARTESIAN_POINT('',(-3.219634980047,-1.077661226383,
    0.765882050698));
#874 = CARTESIAN_POINT('',(-3.214230170874,-1.103326435865,
    0.762773960159));
#875 = CARTESIAN_POINT('',(-3.207038801163,-1.128558884581,
    0.761236670863));
#876 = CARTESIAN_POINT('',(-3.181691502901,-1.198581941867,
    0.761328651928));
#877 = CARTESIAN_POINT('',(-3.159397058405,-1.241895502097,
    0.766734160038));
#878 = CARTESIAN_POINT('',(-3.131687552625,-1.281865835076,
    0.777493023161));
#879 = CARTESIAN_POINT('',(-3.099410332359,-1.317564198013,0.7931217466)
  );
#880 = CARTESIAN_POINT('',(-3.063515572765,-1.34844145688,0.81290357531)
  );
#881 = CARTESIAN_POINT('',(-2.987231755912,-1.399390902178,0.85873716659
    ));
#882 = CARTESIAN_POINT('',(-2.946946971431,-1.419705543271,
    0.884645402781));
#883 = CARTESIAN_POINT('',(-2.904879659641,-1.434922110046,
    0.913147365233));
#884 = CARTESIAN_POINT('',(-2.86177789692,-1.44500248465,0.943579692853)
  );
#885 = CARTESIAN_POINT('',(-2.818290709457,-1.45,0.97537127232));
#886 = CARTESIAN_POINT('',(-2.775,-1.45,1.008025217369));
#887 = PCURVE('',#45,#888);
#888 = DEFINITIONAL_REPRESENTATION('',(#889),#907);
#889 = B_SPLINE_CURVE_WITH_KNOTS('',6,(#890,#891,#892,#893,#894,#895,
    #896,#897,#898,#899,#900,#901,#902,#903,#904,#905,#906),
  .UNSPECIFIED.,.F.,.F.,(7,5,5,7),(0.,0.215106720316,0.612089832057,1.),
  .UNSPECIFIED.);
#890 = CARTESIAN_POINT('',(3.44226904499,0.79689201865));
#891 = CARTESIAN_POINT('',(3.449570904017,0.794679334577));
#892 = CARTESIAN_POINT('',(3.457026872014,0.792878071368));
#893 = CARTESIAN_POINT('',(3.464602473295,0.791511577866));
#894 = CARTESIAN_POINT('',(3.472260126156,0.790597398358));
#895 = CARTESIAN_POINT('',(3.479959429189,0.790145201596));
#896 = CARTESIAN_POINT('',(3.501864271531,0.790172257382));
#897 = CARTESIAN_POINT('',(3.516074406359,0.791762315809));
#898 = CARTESIAN_POINT('',(3.530007093389,0.794926839952));
#899 = CARTESIAN_POINT('',(3.543427371692,0.799543812944));
#900 = CARTESIAN_POINT('',(3.55614749559,0.805436188478));
#901 = CARTESIAN_POINT('',(3.579605811342,0.819231307456));
#902 = CARTESIAN_POINT('',(3.590387935183,0.827088109132));
#903 = CARTESIAN_POINT('',(3.600231967589,0.835818712764));
#904 = CARTESIAN_POINT('',(3.609033695953,0.845257423448));
#905 = CARTESIAN_POINT('',(3.61669229154,0.85525787632));
#906 = CARTESIAN_POINT('',(3.62309550773,0.865687133748));
#907 = ( GEOMETRIC_REPRESENTATION_CONTEXT(2) 
PARAMETRIC_REPRESENTATION_CONTEXT() REPRESENTATION_CONTEXT('2D SPACE',''
  ) );
#908 = PCURVE('',#909,#914);
#909 = CYLINDRICAL_SURFACE('',#910,0.45);
#910 = AXIS2_PLACEMENT_3D('',#911,#912,#913);
#911 = CARTESIAN_POINT('',(-2.775,-1.,4.935));
#912 = DIRECTION('',(0.,0.,-1.));
#913 = DIRECTION('',(-1.,-0.,-0.));
#914 = DEFINITIONAL_REPRESENTATION('',(#915),#933);
#915 = B_SPLINE_CURVE_WITH_KNOTS('',6,(#916,#917,#918,#919,#920,#921,
    #922,#923,#924,#925,#926,#927,#928,#929,#930,#931,#932),
  .UNSPECIFIED.,.F.,.F.,(7,5,5,7),(0.,0.215106720316,0.612089832057,1.),
  .UNSPECIFIED.);
#916 = CARTESIAN_POINT('',(0.,4.150904366654));
#917 = CARTESIAN_POINT('',(-5.736141710164E-02,4.158375452732));
#918 = CARTESIAN_POINT('',(-0.115020953149,4.164477713916));
#919 = CARTESIAN_POINT('',(-0.172919865712,4.169117949302));
#920 = CARTESIAN_POINT('',(-0.230991055259,4.172226039841));
#921 = CARTESIAN_POINT('',(-0.28915434332,4.173763329137));
#922 = CARTESIAN_POINT('',(-0.454642235247,4.173671348072));
#923 = CARTESIAN_POINT('',(-0.562009867677,4.168265839962));
#924 = CARTESIAN_POINT('',(-0.668717216387,4.157506976839));
#925 = CARTESIAN_POINT('',(-0.774399280843,4.1418782534));
#926 = CARTESIAN_POINT('',(-0.87884052438,4.12209642469));
#927 = CARTESIAN_POINT('',(-1.08269313017,4.07626283341));
#928 = CARTESIAN_POINT('',(-1.182210403108,4.050354597219));
#929 = CARTESIAN_POINT('',(-1.280571502762,4.021852634767));
#930 = CARTESIAN_POINT('',(-1.377956778181,3.991420307147));
#931 = CARTESIAN_POINT('',(-1.474594750223,3.95962872768));
#932 = CARTESIAN_POINT('',(-1.570796326795,3.926974782631));
#933 = ( GEOMETRIC_REPRESENTATION_CONTEXT(2) 
PARAMETRIC_REPRESENTATION_CONTEXT() REPRESENTATION_CONTEXT('2D SPACE',''
  ) );
#934 = ORIENTED_EDGE('',*,*,#935,.F.);
#935 = EDGE_CURVE('',#936,#866,#938,.T.);
#936 = VERTEX_POINT('',#937);
#937 = CARTESIAN_POINT('',(-3.225,1.,0.784095633346));
#938 = SURFACE_CURVE('',#939,(#944,#960),.PCURVE_S1.);
#939 = CIRCLE('',#940,3.596812150311);
#940 = AXIS2_PLACEMENT_3D('',#941,#942,#943);
#941 = CARTESIAN_POINT('',(-3.225,0.,-2.670909090909));
#942 = DIRECTION('',(1.,0.,0.));
#943 = DIRECTION('',(-0.,0.,1.));
#944 = PCURVE('',#45,#945);
#945 = DEFINITIONAL_REPRESENTATION('',(#946),#959);
#946 = B_SPLINE_CURVE_WITH_KNOTS('',6,(#947,#948,#949,#950,#951,#952,
    #953,#954,#955,#956,#957,#958),.UNSPECIFIED.,.F.,.F.,(7,5,7),(
    6.001448944583,6.28318530718,6.564921669776),.UNSPECIFIED.);
#947 = CARTESIAN_POINT('',(2.84091626219,0.79689201865));
#948 = CARTESIAN_POINT('',(2.886808724162,0.810798822289));
#949 = CARTESIAN_POINT('',(2.935016865693,0.822235621275));
#950 = CARTESIAN_POINT('',(2.985207548366,0.830994658428));
#951 = CARTESIAN_POINT('',(3.036853561922,0.836896927334));
#952 = CARTESIAN_POINT('',(3.089223001281,0.839847718095));
#953 = CARTESIAN_POINT('',(3.193962305898,0.839847718095));
#954 = CARTESIAN_POINT('',(3.246331745257,0.836896927334));
#955 = CARTESIAN_POINT('',(3.297977758813,0.830994658428));
#956 = CARTESIAN_POINT('',(3.348168441486,0.822235621275));
#957 = CARTESIAN_POINT('',(3.396376583017,0.810798822289));
#958 = CARTESIAN_POINT('',(3.44226904499,0.79689201865));
#959 = ( GEOMETRIC_REPRESENTATION_CONTEXT(2) 
PARAMETRIC_REPRESENTATION_CONTEXT() REPRESENTATION_CONTEXT('2D SPACE',''
  ) );
#960 = PCURVE('',#961,#966);
#961 = PLANE('',#962);
#962 = AXIS2_PLACEMENT_3D('',#963,#964,#965);
#963 = CARTESIAN_POINT('',(-3.225,0.,4.935));
#964 = DIRECTION('',(1.,0.,0.));
#965 = DIRECTION('',(0.,0.,-1.));
#966 = DEFINITIONAL_REPRESENTATION('',(#967),#971);
#967 = CIRCLE('',#968,3.596812150311);
#968 = AXIS2_PLACEMENT_2D('',#969,#970);
#969 = CARTESIAN_POINT('',(7.605909090909,0.));
#970 = DIRECTION('',(-1.,0.));
#971 = ( GEOMETRIC_REPRESENTATION_CONTEXT(2) 
PARAMETRIC_REPRESENTATION_CONTEXT() REPRESENTATION_CONTEXT('2D SPACE',''
  ) );
#972 = ORIENTED_EDGE('',*,*,#973,.F.);
#973 = EDGE_CURVE('',#974,#936,#976,.T.);
#974 = VERTEX_POINT('',#975);
#975 = CARTESIAN_POINT('',(-2.775,1.45,1.008025217369));
#976 = SURFACE_CURVE('',#977,(#995,#1016),.PCURVE_S1.);
#977 = B_SPLINE_CURVE_WITH_KNOTS('',6,(#978,#979,#980,#981,#982,#983,
    #984,#985,#986,#987,#988,#989,#990,#991,#992,#993,#994),
  .UNSPECIFIED.,.F.,.F.,(7,5,5,7),(0.,0.388923024903,0.785865999703,1.),
  .UNSPECIFIED.);
#978 = CARTESIAN_POINT('',(-2.775,1.45,1.008025217369));
#979 = CARTESIAN_POINT('',(-2.818403980231,1.45,0.975285832795));
#980 = CARTESIAN_POINT('',(-2.862005093405,1.444976297149,0.943413614602
    ));
#981 = CARTESIAN_POINT('',(-2.905217303247,1.434843047456,0.912908992066
    ));
#982 = CARTESIAN_POINT('',(-2.947386455547,1.419546368441,0.884347681391
    ));
#983 = CARTESIAN_POINT('',(-2.987757767049,1.399125214906,0.85839897995)
  );
#984 = CARTESIAN_POINT('',(-3.064067421665,1.347984120348,0.812594960431
    ));
#985 = CARTESIAN_POINT('',(-3.099915269511,1.317048211192,0.792865709837
    ));
#986 = CARTESIAN_POINT('',(-3.132136702875,1.281296914043,0.777296099311
    ));
#987 = CARTESIAN_POINT('',(-3.159782044523,1.241282097158,0.766601612974
    ));
#988 = CARTESIAN_POINT('',(-3.182006143423,1.197935079278,0.761262727358
    ));
#989 = CARTESIAN_POINT('',(-3.207201115257,1.127988001982,0.761271768398
    ));
#990 = CARTESIAN_POINT('',(-3.214327768605,1.102861909561,0.762830396095
    ));
#991 = CARTESIAN_POINT('',(-3.21968360032,1.077309567653,0.765945125671)
  );
#992 = CARTESIAN_POINT('',(-3.22323932616,1.051524370627,0.7705775627));
#993 = CARTESIAN_POINT('',(-3.225,1.025695623537,0.776658415285));
#994 = CARTESIAN_POINT('',(-3.225,1.,0.784095633346));
#995 = PCURVE('',#45,#996);
#996 = DEFINITIONAL_REPRESENTATION('',(#997),#1015);
#997 = B_SPLINE_CURVE_WITH_KNOTS('',6,(#998,#999,#1000,#1001,#1002,#1003
    ,#1004,#1005,#1006,#1007,#1008,#1009,#1010,#1011,#1012,#1013,#1014),
  .UNSPECIFIED.,.F.,.F.,(7,5,5,7),(0.,0.388923024903,0.785865999703,1.),
  .UNSPECIFIED.);
#998 = CARTESIAN_POINT('',(2.660089799449,0.865687133748));
#999 = CARTESIAN_POINT('',(2.666509769748,0.855230588015));
#1000 = CARTESIAN_POINT('',(2.674191641776,0.845205183977));
#1001 = CARTESIAN_POINT('',(2.683022312831,0.835744782243));
#1002 = CARTESIAN_POINT('',(2.69290026089,0.826996917387));
#1003 = CARTESIAN_POINT('',(2.703720384045,0.819128756701));
#1004 = CARTESIAN_POINT('',(2.727229142396,0.805344091019));
#1005 = CARTESIAN_POINT('',(2.739957270881,0.799467938041));
#1006 = CARTESIAN_POINT('',(2.753383627403,0.794868776525));
#1007 = CARTESIAN_POINT('',(2.767320092698,0.791723327167));
#1008 = CARTESIAN_POINT('',(2.781531420669,0.790152865988));
#1009 = CARTESIAN_POINT('',(2.803400039149,0.790155525366));
#1010 = CARTESIAN_POINT('',(2.811063761559,0.790613998296));
#1011 = CARTESIAN_POINT('',(2.818685677394,0.791530153017));
#1012 = CARTESIAN_POINT('',(2.826225953208,0.792894387789));
#1013 = CARTESIAN_POINT('',(2.833647504038,0.794689365143));
#1014 = CARTESIAN_POINT('',(2.84091626219,0.79689201865));
#1015 = ( GEOMETRIC_REPRESENTATION_CONTEXT(2) 
PARAMETRIC_REPRESENTATION_CONTEXT() REPRESENTATION_CONTEXT('2D SPACE',''
  ) );
#1016 = PCURVE('',#1017,#1022);
#1017 = CYLINDRICAL_SURFACE('',#1018,0.45);
#1018 = AXIS2_PLACEMENT_3D('',#1019,#1020,#1021);
#1019 = CARTESIAN_POINT('',(-2.775,1.,4.935));
#1020 = DIRECTION('',(0.,0.,-1.));
#1021 = DIRECTION('',(0.,1.,0.));
#1022 = DEFINITIONAL_REPRESENTATION('',(#1023),#1041);
#1023 = B_SPLINE_CURVE_WITH_KNOTS('',6,(#1024,#1025,#1026,#1027,#1028,
    #1029,#1030,#1031,#1032,#1033,#1034,#1035,#1036,#1037,#1038,#1039,
    #1040),.UNSPECIFIED.,.F.,.F.,(7,5,5,7),(0.,0.388923024903,
    0.785865999703,1.),.UNSPECIFIED.);
#1024 = CARTESIAN_POINT('',(0.,3.926974782631));
#1025 = CARTESIAN_POINT('',(-9.645328940223E-02,3.959714167205));
#1026 = CARTESIAN_POINT('',(-0.193344427479,3.991586385398));
#1027 = CARTESIAN_POINT('',(-0.290987762322,4.022091007934));
#1028 = CARTESIAN_POINT('',(-0.389613618547,4.050652318609));
#1029 = CARTESIAN_POINT('',(-0.489403036454,4.07660102005));
#1030 = CARTESIAN_POINT('',(-0.693540184012,4.122405039569));
#1031 = CARTESIAN_POINT('',(-0.797987400827,4.142134290163));
#1032 = CARTESIAN_POINT('',(-0.903673402995,4.157703900688));
#1033 = CARTESIAN_POINT('',(-1.010380934736,4.168398387026));
#1034 = CARTESIAN_POINT('',(-1.11774358902,4.173737272642));
#1035 = CARTESIAN_POINT('',(-1.282957707151,4.173728231602));
#1036 = CARTESIAN_POINT('',(-1.340856239928,4.172169603905));
#1037 = CARTESIAN_POINT('',(-1.398662510194,4.169054874329));
#1038 = CARTESIAN_POINT('',(-1.456297526806,4.1644224373));
#1039 = CARTESIAN_POINT('',(-1.513694941157,4.158341584715));
#1040 = CARTESIAN_POINT('',(-1.570796326795,4.150904366654));
#1041 = ( GEOMETRIC_REPRESENTATION_CONTEXT(2) 
PARAMETRIC_REPRESENTATION_CONTEXT() REPRESENTATION_CONTEXT('2D SPACE',''
  ) );
#1042 = ORIENTED_EDGE('',*,*,#1043,.F.);
#1043 = EDGE_CURVE('',#1044,#974,#1046,.T.);
#1044 = VERTEX_POINT('',#1045);
#1045 = CARTESIAN_POINT('',(-2.45,1.45,1.231997857076));
#1046 = SURFACE_CURVE('',#1047,(#1052,#1100),.PCURVE_S1.);
#1047 = CIRCLE('',#1048,4.608164780542);
#1048 = AXIS2_PLACEMENT_3D('',#1049,#1050,#1051);
#1049 = CARTESIAN_POINT('',(0.,1.45,-2.670909090909));
#1050 = DIRECTION('',(0.,-1.,-0.));
#1051 = DIRECTION('',(0.,0.,-1.));
#1052 = PCURVE('',#45,#1053);
#1053 = DEFINITIONAL_REPRESENTATION('',(#1054),#1099);
#1054 = B_SPLINE_CURVE_WITH_KNOTS('',8,(#1055,#1056,#1057,#1058,#1059,
    #1060,#1061,#1062,#1063,#1064,#1065,#1066,#1067,#1068,#1069,#1070,
    #1071,#1072,#1073,#1074,#1075,#1076,#1077,#1078,#1079,#1080,#1081,
    #1082,#1083,#1084,#1085,#1086,#1087,#1088,#1089,#1090,#1091,#1092,
    #1093,#1094,#1095,#1096,#1097,#1098),.UNSPECIFIED.,.F.,.F.,(9,7,7,7,
    7,7,9),(2.495348710831,2.81847068221,3.060812160745,3.242568269646,
    3.378885351322,3.583360973835,3.787836596349),.UNSPECIFIED.);
#1055 = CARTESIAN_POINT('',(0.48150285414,0.865687133748));
#1056 = CARTESIAN_POINT('',(0.503481553969,0.901485006511));
#1057 = CARTESIAN_POINT('',(0.528338418183,0.936813057628));
#1058 = CARTESIAN_POINT('',(0.556601297792,0.971572932711));
#1059 = CARTESIAN_POINT('',(0.58893337986,1.005637605101));
#1060 = CARTESIAN_POINT('',(0.62622180285,1.038833952196));
#1061 = CARTESIAN_POINT('',(0.669566112223,1.070929884012));
#1062 = CARTESIAN_POINT('',(0.720551939931,1.101578963197));
#1063 = CARTESIAN_POINT('',(0.826089294412,1.151785696644));
#1064 = CARTESIAN_POINT('',(0.876562945735,1.17220058161));
#1065 = CARTESIAN_POINT('',(0.932984819798,1.191297722254));
#1066 = CARTESIAN_POINT('',(0.996101945555,1.208806220905));
#1067 = CARTESIAN_POINT('',(1.066528843196,1.224402746578));
#1068 = CARTESIAN_POINT('',(1.144692335306,1.237678332168));
#1069 = CARTESIAN_POINT('',(1.229724722049,1.248222527592));
#1070 = CARTESIAN_POINT('',(1.387288446151,1.261391120068));
#1071 = CARTESIAN_POINT('',(1.457630842987,1.265336400072));
#1072 = CARTESIAN_POINT('',(1.529998987305,1.267461481284));
#1073 = CARTESIAN_POINT('',(1.603300619351,1.267681929986));
#1074 = CARTESIAN_POINT('',(1.676146385166,1.265975307054));
#1075 = CARTESIAN_POINT('',(1.747247069177,1.262405345005));
#1076 = CARTESIAN_POINT('',(1.815676251737,1.257084882437));
#1077 = CARTESIAN_POINT('',(1.929687906511,1.244954895927));
#1078 = CARTESIAN_POINT('',(1.976705422725,1.23885016689));
#1079 = CARTESIAN_POINT('',(2.021622413632,1.231898052629));
#1080 = CARTESIAN_POINT('',(2.064288386122,1.2241657756));
#1081 = CARTESIAN_POINT('',(2.104655121116,1.215722410329));
#1082 = CARTESIAN_POINT('',(2.142748719181,1.206634420749));
#1083 = CARTESIAN_POINT('',(2.178637855004,1.196963279132));
#1084 = CARTESIAN_POINT('',(2.263091385786,1.171467877965));
#1085 = CARTESIAN_POINT('',(2.309020979581,1.154984805627));
#1086 = CARTESIAN_POINT('',(2.350533595761,1.137505420359));
#1087 = CARTESIAN_POINT('',(2.388089749331,1.119190790357));
#1088 = CARTESIAN_POINT('',(2.422144136281,1.100170527429));
#1089 = CARTESIAN_POINT('',(2.453102888184,1.080548408617));
#1090 = CARTESIAN_POINT('',(2.48132655037,1.06040986575));
#1091 = CARTESIAN_POINT('',(2.532926380888,1.019239300977));
#1092 = CARTESIAN_POINT('',(2.556302504924,0.998207313128));
#1093 = CARTESIAN_POINT('',(2.577567225489,0.976798408023));
#1094 = CARTESIAN_POINT('',(2.596983855458,0.955067346191));
#1095 = CARTESIAN_POINT('',(2.614773243224,0.933057856851));
#1096 = CARTESIAN_POINT('',(2.631120437062,0.910805654412));
#1097 = CARTESIAN_POINT('',(2.646181403464,0.888340475106));
#1098 = CARTESIAN_POINT('',(2.660089799449,0.865687133748));
#1099 = ( GEOMETRIC_REPRESENTATION_CONTEXT(2) 
PARAMETRIC_REPRESENTATION_CONTEXT() REPRESENTATION_CONTEXT('2D SPACE',''
  ) );
#1100 = PCURVE('',#649,#1101);
#1101 = DEFINITIONAL_REPRESENTATION('',(#1102),#1106);
#1102 = CIRCLE('',#1103,4.608164780542);
#1103 = AXIS2_PLACEMENT_2D('',#1104,#1105);
#1104 = CARTESIAN_POINT('',(6.746380598804,-3.586667464128E-17));
#1105 = DIRECTION('',(1.,0.));
#1106 = ( GEOMETRIC_REPRESENTATION_CONTEXT(2) 
PARAMETRIC_REPRESENTATION_CONTEXT() REPRESENTATION_CONTEXT('2D SPACE',''
  ) );
#1107 = ORIENTED_EDGE('',*,*,#1108,.T.);
#1108 = EDGE_CURVE('',#1044,#1109,#1111,.T.);
#1109 = VERTEX_POINT('',#1110);
#1110 = CARTESIAN_POINT('',(-2.,1.,1.611342961998));
#1111 = SURFACE_CURVE('',#1112,(#1130,#1151),.PCURVE_S1.);
#1112 = B_SPLINE_CURVE_WITH_KNOTS('',6,(#1113,#1114,#1115,#1116,#1117,
    #1118,#1119,#1120,#1121,#1122,#1123,#1124,#1125,#1126,#1127,#1128,
    #1129),.UNSPECIFIED.,.F.,.F.,(7,5,5,7),(0.,0.161384020608,
    0.624536682547,1.),.UNSPECIFIED.);
#1113 = CARTESIAN_POINT('',(-2.45,1.45,1.231997857076));
#1114 = CARTESIAN_POINT('',(-2.431232483564,1.45,1.243778925874));
#1115 = CARTESIAN_POINT('',(-2.412498689089,1.449060727299,
    1.255736815109));
#1116 = CARTESIAN_POINT('',(-2.393850018069,1.447188570713,
    1.267835208183));
#1117 = CARTESIAN_POINT('',(-2.37533698535,1.444392249772,1.280038590129
    ));
#1118 = CARTESIAN_POINT('',(-2.35700921913,1.44068281472,1.292312247608)
  );
#1119 = CARTESIAN_POINT('',(-2.286988558711,1.422845890044,
    1.339950544369));
#1120 = CARTESIAN_POINT('',(-2.236995228864,1.402209101112,
    1.375574126106));
#1121 = CARTESIAN_POINT('',(-2.190071037233,1.374477694547,1.41070243659
    ));
#1122 = CARTESIAN_POINT('',(-2.147352886512,1.340114105405,
    1.444562269182));
#1123 = CARTESIAN_POINT('',(-2.109987724549,1.299825321218,
    1.476371210307));
#1124 = CARTESIAN_POINT('',(-2.053835110968,1.218007518252,
    1.528903850799));
#1125 = CARTESIAN_POINT('',(-2.032868851866,1.178156267111,
    1.550586916894));
#1126 = CARTESIAN_POINT('',(-2.016626005836,1.135655481465,
    1.570020941598));
#1127 = CARTESIAN_POINT('',(-2.005566650063,1.091216491282,1.58682514573
    ));
#1128 = CARTESIAN_POINT('',(-2.,1.045689047654,1.600673564894));
#1129 = CARTESIAN_POINT('',(-2.,1.,1.611342961998));
#1130 = PCURVE('',#45,#1131);
#1131 = DEFINITIONAL_REPRESENTATION('',(#1132),#1150);
#1132 = B_SPLINE_CURVE_WITH_KNOTS('',6,(#1133,#1134,#1135,#1136,#1137,
    #1138,#1139,#1140,#1141,#1142,#1143,#1144,#1145,#1146,#1147,#1148,
    #1149),.UNSPECIFIED.,.F.,.F.,(7,5,5,7),(0.,0.161384020608,
    0.624536682547,1.),.UNSPECIFIED.);
#1133 = CARTESIAN_POINT('',(2.607197176835,0.940585371534));
#1134 = CARTESIAN_POINT('',(2.603839632254,0.94472354015));
#1135 = CARTESIAN_POINT('',(2.600726321605,0.948951974194));
#1136 = CARTESIAN_POINT('',(2.597868525083,0.953260395358));
#1137 = CARTESIAN_POINT('',(2.595278050211,0.957638371813));
#1138 = CARTESIAN_POINT('',(2.592967231844,0.962075318215));
#1139 = CARTESIAN_POINT('',(2.585156655686,0.979432413768));
#1140 = CARTESIAN_POINT('',(2.581774064791,0.992700013149));
#1141 = CARTESIAN_POINT('',(2.581103293349,1.006111661667));
#1142 = CARTESIAN_POINT('',(2.583483948394,1.01938997816));
#1143 = CARTESIAN_POINT('',(2.589278208825,1.032195134952));
#1144 = CARTESIAN_POINT('',(2.606178074297,1.053829342053));
#1145 = CARTESIAN_POINT('',(2.61607087854,1.062952560958));
#1146 = CARTESIAN_POINT('',(2.628349424458,1.071302754183));
#1147 = CARTESIAN_POINT('',(2.642972201618,1.078657276045));
#1148 = CARTESIAN_POINT('',(2.659669425528,1.084798117856));
#1149 = CARTESIAN_POINT('',(2.677945044589,1.089569617297));
#1150 = ( GEOMETRIC_REPRESENTATION_CONTEXT(2) 
PARAMETRIC_REPRESENTATION_CONTEXT() REPRESENTATION_CONTEXT('2D SPACE',''
  ) );
#1151 = PCURVE('',#1152,#1157);
#1152 = CYLINDRICAL_SURFACE('',#1153,0.45);
#1153 = AXIS2_PLACEMENT_3D('',#1154,#1155,#1156);
#1154 = CARTESIAN_POINT('',(-2.45,1.,0.18));
#1155 = DIRECTION('',(0.,0.,1.));
#1156 = DIRECTION('',(-0.,1.,0.));
#1157 = DEFINITIONAL_REPRESENTATION('',(#1158),#1176);
#1158 = B_SPLINE_CURVE_WITH_KNOTS('',6,(#1159,#1160,#1161,#1162,#1163,
    #1164,#1165,#1166,#1167,#1168,#1169,#1170,#1171,#1172,#1173,#1174,
    #1175),.UNSPECIFIED.,.F.,.F.,(7,5,5,7),(0.,0.161384020608,
    0.624536682547,1.),.UNSPECIFIED.);
#1159 = CARTESIAN_POINT('',(0.,1.051997857076));
#1160 = CARTESIAN_POINT('',(-4.170559208072E-02,1.063778925874));
#1161 = CARTESIAN_POINT('',(-8.333631917357E-02,1.075736815109));
#1162 = CARTESIAN_POINT('',(-0.12490831179,1.087835208183));
#1163 = CARTESIAN_POINT('',(-0.166437686886,1.100038590129));
#1164 = CARTESIAN_POINT('',(-0.207940547861,1.112312247608));
#1165 = CARTESIAN_POINT('',(-0.368511270211,1.159950544369));
#1166 = CARTESIAN_POINT('',(-0.487489800389,1.195574126106));
#1167 = CARTESIAN_POINT('',(-0.606791566938,1.23070243659));
#1168 = CARTESIAN_POINT('',(-0.726723689496,1.264562269182));
#1169 = CARTESIAN_POINT('',(-0.847526984597,1.296371210307));
#1170 = CARTESIAN_POINT('',(-1.068045664909,1.348903850799));
#1171 = CARTESIAN_POINT('',(-1.167426299634,1.370586916894));
#1172 = CARTESIAN_POINT('',(-1.267455013935,1.390020941598));
#1173 = CARTESIAN_POINT('',(-1.368093189231,1.40682514573));
#1174 = CARTESIAN_POINT('',(-1.469265109787,1.420673564894));
#1175 = CARTESIAN_POINT('',(-1.570796326795,1.431342961998));
#1176 = ( GEOMETRIC_REPRESENTATION_CONTEXT(2) 
PARAMETRIC_REPRESENTATION_CONTEXT() REPRESENTATION_CONTEXT('2D SPACE',''
  ) );
#1177 = ORIENTED_EDGE('',*,*,#1178,.F.);
#1178 = EDGE_CURVE('',#729,#1109,#1179,.T.);
#1179 = SURFACE_CURVE('',#1180,(#1185,#1205),.PCURVE_S1.);
#1180 = CIRCLE('',#1181,4.397463205603);
#1181 = AXIS2_PLACEMENT_3D('',#1182,#1183,#1184);
#1182 = CARTESIAN_POINT('',(-2.,0.,-2.670909090909));
#1183 = DIRECTION('',(-1.,0.,0.));
#1184 = DIRECTION('',(0.,0.,-1.));
#1185 = PCURVE('',#45,#1186);
#1186 = DEFINITIONAL_REPRESENTATION('',(#1187),#1204);
#1187 = B_SPLINE_CURVE_WITH_KNOTS('',8,(#1188,#1189,#1190,#1191,#1192,
    #1193,#1194,#1195,#1196,#1197,#1198,#1199,#1200,#1201,#1202,#1203),
  .UNSPECIFIED.,.F.,.F.,(9,7,9),(2.91218181675,3.14159265359,
    3.371003490429),.UNSPECIFIED.);
#1188 = CARTESIAN_POINT('',(3.605240262591,1.089569617297));
#1189 = CARTESIAN_POINT('',(3.55612051124,1.102394072946));
#1190 = CARTESIAN_POINT('',(3.503867461817,1.113778687244));
#1191 = CARTESIAN_POINT('',(3.448558597263,1.12356908499));
#1192 = CARTESIAN_POINT('',(3.390426896289,1.131609215803));
#1193 = CARTESIAN_POINT('',(3.329904755477,1.137752433694));
#1194 = CARTESIAN_POINT('',(3.267695828302,1.141885139818));
#1195 = CARTESIAN_POINT('',(3.204644260713,1.143951538542));
#1196 = CARTESIAN_POINT('',(3.078541046467,1.143951538542));
#1197 = CARTESIAN_POINT('',(3.015489478874,1.141885139818));
#1198 = CARTESIAN_POINT('',(2.95328055169,1.137752433695));
#1199 = CARTESIAN_POINT('',(2.892758410877,1.131609215805));
#1200 = CARTESIAN_POINT('',(2.834626709906,1.123569084989));
#1201 = CARTESIAN_POINT('',(2.779317845358,1.113778687243));
#1202 = CARTESIAN_POINT('',(2.72706479594,1.102394072946));
#1203 = CARTESIAN_POINT('',(2.677945044589,1.089569617297));
#1204 = ( GEOMETRIC_REPRESENTATION_CONTEXT(2) 
PARAMETRIC_REPRESENTATION_CONTEXT() REPRESENTATION_CONTEXT('2D SPACE',''
  ) );
#1205 = PCURVE('',#1206,#1211);
#1206 = PLANE('',#1207);
#1207 = AXIS2_PLACEMENT_3D('',#1208,#1209,#1210);
#1208 = CARTESIAN_POINT('',(-2.,0.,0.18));
#1209 = DIRECTION('',(-1.,0.,0.));
#1210 = DIRECTION('',(0.,0.,1.));
#1211 = DEFINITIONAL_REPRESENTATION('',(#1212),#1216);
#1212 = CIRCLE('',#1213,4.397463205603);
#1213 = AXIS2_PLACEMENT_2D('',#1214,#1215);
#1214 = CARTESIAN_POINT('',(-2.850909090909,0.));
#1215 = DIRECTION('',(-1.,0.));
#1216 = ( GEOMETRIC_REPRESENTATION_CONTEXT(2) 
PARAMETRIC_REPRESENTATION_CONTEXT() REPRESENTATION_CONTEXT('2D SPACE',''
  ) );
#1217 = ADVANCED_FACE('',(#1218),#133,.T.);
#1218 = FACE_BOUND('',#1219,.F.);
#1219 = EDGE_LOOP('',(#1220,#1243,#1244,#1245));
#1220 = ORIENTED_EDGE('',*,*,#1221,.F.);
#1221 = EDGE_CURVE('',#592,#1222,#1224,.T.);
#1222 = VERTEX_POINT('',#1223);
#1223 = CARTESIAN_POINT('',(2.775,1.45,4.935));
#1224 = SURFACE_CURVE('',#1225,(#1229,#1236),.PCURVE_S1.);
#1225 = LINE('',#1226,#1227);
#1226 = CARTESIAN_POINT('',(2.775,1.45,0.18));
#1227 = VECTOR('',#1228,1.);
#1228 = DIRECTION('',(0.,0.,1.));
#1229 = PCURVE('',#133,#1230);
#1230 = DEFINITIONAL_REPRESENTATION('',(#1231),#1235);
#1231 = LINE('',#1232,#1233);
#1232 = CARTESIAN_POINT('',(-0.,0.));
#1233 = VECTOR('',#1234,1.);
#1234 = DIRECTION('',(-0.,1.));
#1235 = ( GEOMETRIC_REPRESENTATION_CONTEXT(2) 
PARAMETRIC_REPRESENTATION_CONTEXT() REPRESENTATION_CONTEXT('2D SPACE',''
  ) );
#1236 = PCURVE('',#649,#1237);
#1237 = DEFINITIONAL_REPRESENTATION('',(#1238),#1242);
#1238 = LINE('',#1239,#1240);
#1239 = CARTESIAN_POINT('',(3.895471507895,2.775));
#1240 = VECTOR('',#1241,1.);
#1241 = DIRECTION('',(-1.,0.));
#1242 = ( GEOMETRIC_REPRESENTATION_CONTEXT(2) 
PARAMETRIC_REPRESENTATION_CONTEXT() REPRESENTATION_CONTEXT('2D SPACE',''
  ) );
#1243 = ORIENTED_EDGE('',*,*,#661,.T.);
#1244 = ORIENTED_EDGE('',*,*,#117,.T.);
#1245 = ORIENTED_EDGE('',*,*,#1246,.F.);
#1246 = EDGE_CURVE('',#1222,#90,#1247,.T.);
#1247 = SURFACE_CURVE('',#1248,(#1253,#1259),.PCURVE_S1.);
#1248 = CIRCLE('',#1249,0.45);
#1249 = AXIS2_PLACEMENT_3D('',#1250,#1251,#1252);
#1250 = CARTESIAN_POINT('',(2.775,1.,4.935));
#1251 = DIRECTION('',(-0.,0.,-1.));
#1252 = DIRECTION('',(-0.,1.,0.));
#1253 = PCURVE('',#133,#1254);
#1254 = DEFINITIONAL_REPRESENTATION('',(#1255),#1258);
#1255 = B_SPLINE_CURVE_WITH_KNOTS('',1,(#1256,#1257),.UNSPECIFIED.,.F.,
  .F.,(2,2),(0.,1.570796326795),.PIECEWISE_BEZIER_KNOTS.);
#1256 = CARTESIAN_POINT('',(0.,4.755));
#1257 = CARTESIAN_POINT('',(-1.570796326795,4.755));
#1258 = ( GEOMETRIC_REPRESENTATION_CONTEXT(2) 
PARAMETRIC_REPRESENTATION_CONTEXT() REPRESENTATION_CONTEXT('2D SPACE',''
  ) );
#1259 = PCURVE('',#1260,#1265);
#1260 = TOROIDAL_SURFACE('',#1261,2.775,0.45);
#1261 = AXIS2_PLACEMENT_3D('',#1262,#1263,#1264);
#1262 = CARTESIAN_POINT('',(0.,1.,4.935));
#1263 = DIRECTION('',(0.,-1.,-0.));
#1264 = DIRECTION('',(1.,0.,2.754041611473E-16));
#1265 = DEFINITIONAL_REPRESENTATION('',(#1266),#1269);
#1266 = B_SPLINE_CURVE_WITH_KNOTS('',1,(#1267,#1268),.UNSPECIFIED.,.F.,
  .F.,(2,2),(0.,1.570796326795),.PIECEWISE_BEZIER_KNOTS.);
#1267 = CARTESIAN_POINT('',(0.,4.712388980385));
#1268 = CARTESIAN_POINT('',(0.,6.28318530718));
#1269 = ( GEOMETRIC_REPRESENTATION_CONTEXT(2) 
PARAMETRIC_REPRESENTATION_CONTEXT() REPRESENTATION_CONTEXT('2D SPACE',''
  ) );
#1270 = ADVANCED_FACE('',(#1271),#105,.T.);
#1271 = FACE_BOUND('',#1272,.F.);
#1272 = EDGE_LOOP('',(#1273,#1298,#1320,#1321));
#1273 = ORIENTED_EDGE('',*,*,#1274,.F.);
#1274 = EDGE_CURVE('',#1275,#1277,#1279,.T.);
#1275 = VERTEX_POINT('',#1276);
#1276 = CARTESIAN_POINT('',(-3.225,1.,4.935));
#1277 = VERTEX_POINT('',#1278);
#1278 = CARTESIAN_POINT('',(-3.225,-1.,4.935));
#1279 = SURFACE_CURVE('',#1280,(#1284,#1291),.PCURVE_S1.);
#1280 = LINE('',#1281,#1282);
#1281 = CARTESIAN_POINT('',(-3.225,1.45,4.935));
#1282 = VECTOR('',#1283,1.);
#1283 = DIRECTION('',(0.,-1.,0.));
#1284 = PCURVE('',#105,#1285);
#1285 = DEFINITIONAL_REPRESENTATION('',(#1286),#1290);
#1286 = LINE('',#1287,#1288);
#1287 = CARTESIAN_POINT('',(-3.14159265359,1.45));
#1288 = VECTOR('',#1289,1.);
#1289 = DIRECTION('',(-0.,-1.));
#1290 = ( GEOMETRIC_REPRESENTATION_CONTEXT(2) 
PARAMETRIC_REPRESENTATION_CONTEXT() REPRESENTATION_CONTEXT('2D SPACE',''
  ) );
#1291 = PCURVE('',#961,#1292);
#1292 = DEFINITIONAL_REPRESENTATION('',(#1293),#1297);
#1293 = LINE('',#1294,#1295);
#1294 = CARTESIAN_POINT('',(0.,1.45));
#1295 = VECTOR('',#1296,1.);
#1296 = DIRECTION('',(0.,-1.));
#1297 = ( GEOMETRIC_REPRESENTATION_CONTEXT(2) 
PARAMETRIC_REPRESENTATION_CONTEXT() REPRESENTATION_CONTEXT('2D SPACE',''
  ) );
#1298 = ORIENTED_EDGE('',*,*,#1299,.F.);
#1299 = EDGE_CURVE('',#90,#1275,#1300,.T.);
#1300 = SURFACE_CURVE('',#1301,(#1306,#1313),.PCURVE_S1.);
#1301 = CIRCLE('',#1302,3.225);
#1302 = AXIS2_PLACEMENT_3D('',#1303,#1304,#1305);
#1303 = CARTESIAN_POINT('',(0.,1.,4.935));
#1304 = DIRECTION('',(0.,-1.,0.));
#1305 = DIRECTION('',(1.,0.,2.754041611473E-16));
#1306 = PCURVE('',#105,#1307);
#1307 = DEFINITIONAL_REPRESENTATION('',(#1308),#1312);
#1308 = LINE('',#1309,#1310);
#1309 = CARTESIAN_POINT('',(-0.,1.));
#1310 = VECTOR('',#1311,1.);
#1311 = DIRECTION('',(-1.,0.));
#1312 = ( GEOMETRIC_REPRESENTATION_CONTEXT(2) 
PARAMETRIC_REPRESENTATION_CONTEXT() REPRESENTATION_CONTEXT('2D SPACE',''
  ) );
#1313 = PCURVE('',#1260,#1314);
#1314 = DEFINITIONAL_REPRESENTATION('',(#1315),#1319);
#1315 = LINE('',#1316,#1317);
#1316 = CARTESIAN_POINT('',(0.,6.28318530718));
#1317 = VECTOR('',#1318,1.);
#1318 = DIRECTION('',(1.,0.));
#1319 = ( GEOMETRIC_REPRESENTATION_CONTEXT(2) 
PARAMETRIC_REPRESENTATION_CONTEXT() REPRESENTATION_CONTEXT('2D SPACE',''
  ) );
#1320 = ORIENTED_EDGE('',*,*,#89,.T.);
#1321 = ORIENTED_EDGE('',*,*,#1322,.T.);
#1322 = EDGE_CURVE('',#62,#1277,#1323,.T.);
#1323 = SURFACE_CURVE('',#1324,(#1329,#1336),.PCURVE_S1.);
#1324 = CIRCLE('',#1325,3.225);
#1325 = AXIS2_PLACEMENT_3D('',#1326,#1327,#1328);
#1326 = CARTESIAN_POINT('',(0.,-1.,4.935));
#1327 = DIRECTION('',(0.,-1.,0.));
#1328 = DIRECTION('',(1.,0.,2.754041611473E-16));
#1329 = PCURVE('',#105,#1330);
#1330 = DEFINITIONAL_REPRESENTATION('',(#1331),#1335);
#1331 = LINE('',#1332,#1333);
#1332 = CARTESIAN_POINT('',(-0.,-1.));
#1333 = VECTOR('',#1334,1.);
#1334 = DIRECTION('',(-1.,0.));
#1335 = ( GEOMETRIC_REPRESENTATION_CONTEXT(2) 
PARAMETRIC_REPRESENTATION_CONTEXT() REPRESENTATION_CONTEXT('2D SPACE',''
  ) );
#1336 = PCURVE('',#1337,#1342);
#1337 = TOROIDAL_SURFACE('',#1338,2.775,0.45);
#1338 = AXIS2_PLACEMENT_3D('',#1339,#1340,#1341);
#1339 = CARTESIAN_POINT('',(0.,-1.,4.935));
#1340 = DIRECTION('',(0.,-1.,-0.));
#1341 = DIRECTION('',(1.,0.,2.754041611473E-16));
#1342 = DEFINITIONAL_REPRESENTATION('',(#1343),#1347);
#1343 = LINE('',#1344,#1345);
#1344 = CARTESIAN_POINT('',(0.,0.));
#1345 = VECTOR('',#1346,1.);
#1346 = DIRECTION('',(1.,0.));
#1347 = ( GEOMETRIC_REPRESENTATION_CONTEXT(2) 
PARAMETRIC_REPRESENTATION_CONTEXT() REPRESENTATION_CONTEXT('2D SPACE',''
  ) );
#1348 = ADVANCED_FACE('',(#1349),#77,.T.);
#1349 = FACE_BOUND('',#1350,.F.);
#1350 = EDGE_LOOP('',(#1351,#1352,#1353,#1376));
#1351 = ORIENTED_EDGE('',*,*,#61,.F.);
#1352 = ORIENTED_EDGE('',*,*,#226,.T.);
#1353 = ORIENTED_EDGE('',*,*,#1354,.T.);
#1354 = EDGE_CURVE('',#227,#1355,#1357,.T.);
#1355 = VERTEX_POINT('',#1356);
#1356 = CARTESIAN_POINT('',(2.775,-1.45,4.935));
#1357 = SURFACE_CURVE('',#1358,(#1362,#1369),.PCURVE_S1.);
#1358 = LINE('',#1359,#1360);
#1359 = CARTESIAN_POINT('',(2.775,-1.45,0.18));
#1360 = VECTOR('',#1361,1.);
#1361 = DIRECTION('',(0.,0.,1.));
#1362 = PCURVE('',#77,#1363);
#1363 = DEFINITIONAL_REPRESENTATION('',(#1364),#1368);
#1364 = LINE('',#1365,#1366);
#1365 = CARTESIAN_POINT('',(-1.570796326795,0.));
#1366 = VECTOR('',#1367,1.);
#1367 = DIRECTION('',(-0.,1.));
#1368 = ( GEOMETRIC_REPRESENTATION_CONTEXT(2) 
PARAMETRIC_REPRESENTATION_CONTEXT() REPRESENTATION_CONTEXT('2D SPACE',''
  ) );
#1369 = PCURVE('',#349,#1370);
#1370 = DEFINITIONAL_REPRESENTATION('',(#1371),#1375);
#1371 = LINE('',#1372,#1373);
#1372 = CARTESIAN_POINT('',(3.895471507895,2.775));
#1373 = VECTOR('',#1374,1.);
#1374 = DIRECTION('',(-1.,0.));
#1375 = ( GEOMETRIC_REPRESENTATION_CONTEXT(2) 
PARAMETRIC_REPRESENTATION_CONTEXT() REPRESENTATION_CONTEXT('2D SPACE',''
  ) );
#1376 = ORIENTED_EDGE('',*,*,#1377,.F.);
#1377 = EDGE_CURVE('',#62,#1355,#1378,.T.);
#1378 = SURFACE_CURVE('',#1379,(#1384,#1390),.PCURVE_S1.);
#1379 = CIRCLE('',#1380,0.45);
#1380 = AXIS2_PLACEMENT_3D('',#1381,#1382,#1383);
#1381 = CARTESIAN_POINT('',(2.775,-1.,4.935));
#1382 = DIRECTION('',(0.,-0.,-1.));
#1383 = DIRECTION('',(1.,0.,-0.));
#1384 = PCURVE('',#77,#1385);
#1385 = DEFINITIONAL_REPRESENTATION('',(#1386),#1389);
#1386 = B_SPLINE_CURVE_WITH_KNOTS('',1,(#1387,#1388),.UNSPECIFIED.,.F.,
  .F.,(2,2),(0.,1.570796326795),.PIECEWISE_BEZIER_KNOTS.);
#1387 = CARTESIAN_POINT('',(0.,4.755));
#1388 = CARTESIAN_POINT('',(-1.570796326795,4.755));
#1389 = ( GEOMETRIC_REPRESENTATION_CONTEXT(2) 
PARAMETRIC_REPRESENTATION_CONTEXT() REPRESENTATION_CONTEXT('2D SPACE',''
  ) );
#1390 = PCURVE('',#1337,#1391);
#1391 = DEFINITIONAL_REPRESENTATION('',(#1392),#1395);
#1392 = B_SPLINE_CURVE_WITH_KNOTS('',1,(#1393,#1394),.UNSPECIFIED.,.F.,
  .F.,(2,2),(0.,1.570796326795),.PIECEWISE_BEZIER_KNOTS.);
#1393 = CARTESIAN_POINT('',(0.,0.));
#1394 = CARTESIAN_POINT('',(0.,1.570796326795));
#1395 = ( GEOMETRIC_REPRESENTATION_CONTEXT(2) 
PARAMETRIC_REPRESENTATION_CONTEXT() REPRESENTATION_CONTEXT('2D SPACE',''
  ) );
#1396 = ADVANCED_FACE('',(#1397,#1428),#191,.T.);
#1397 = FACE_BOUND('',#1398,.T.);
#1398 = EDGE_LOOP('',(#1399));
#1399 = ORIENTED_EDGE('',*,*,#1400,.T.);
#1400 = EDGE_CURVE('',#1401,#1401,#1403,.T.);
#1401 = VERTEX_POINT('',#1402);
#1402 = CARTESIAN_POINT('',(4.005,0.,0.18));
#1403 = SURFACE_CURVE('',#1404,(#1409,#1416),.PCURVE_S1.);
#1404 = CIRCLE('',#1405,4.005);
#1405 = AXIS2_PLACEMENT_3D('',#1406,#1407,#1408);
#1406 = CARTESIAN_POINT('',(0.,0.,0.18));
#1407 = DIRECTION('',(0.,0.,1.));
#1408 = DIRECTION('',(1.,0.,0.));
#1409 = PCURVE('',#191,#1410);
#1410 = DEFINITIONAL_REPRESENTATION('',(#1411),#1415);
#1411 = CIRCLE('',#1412,4.005);
#1412 = AXIS2_PLACEMENT_2D('',#1413,#1414);
#1413 = CARTESIAN_POINT('',(2.560749311872E-16,-7.226273105267E-18));
#1414 = DIRECTION('',(1.,0.));
#1415 = ( GEOMETRIC_REPRESENTATION_CONTEXT(2) 
PARAMETRIC_REPRESENTATION_CONTEXT() REPRESENTATION_CONTEXT('2D SPACE',''
  ) );
#1416 = PCURVE('',#1417,#1422);
#1417 = CYLINDRICAL_SURFACE('',#1418,4.005);
#1418 = AXIS2_PLACEMENT_3D('',#1419,#1420,#1421);
#1419 = CARTESIAN_POINT('',(0.,0.,0.));
#1420 = DIRECTION('',(-0.,-0.,-1.));
#1421 = DIRECTION('',(1.,0.,0.));
#1422 = DEFINITIONAL_REPRESENTATION('',(#1423),#1427);
#1423 = LINE('',#1424,#1425);
#1424 = CARTESIAN_POINT('',(-0.,-0.18));
#1425 = VECTOR('',#1426,1.);
#1426 = DIRECTION('',(-1.,0.));
#1427 = ( GEOMETRIC_REPRESENTATION_CONTEXT(2) 
PARAMETRIC_REPRESENTATION_CONTEXT() REPRESENTATION_CONTEXT('2D SPACE',''
  ) );
#1428 = FACE_BOUND('',#1429,.T.);
#1429 = EDGE_LOOP('',(#1430));
#1430 = ORIENTED_EDGE('',*,*,#174,.F.);
#1431 = ADVANCED_FACE('',(#1432),#649,.F.);
#1432 = FACE_BOUND('',#1433,.F.);
#1433 = EDGE_LOOP('',(#1434,#1457,#1458,#1481,#1514,#1535,#1536,#1537));
#1434 = ORIENTED_EDGE('',*,*,#1435,.T.);
#1435 = EDGE_CURVE('',#1436,#974,#1438,.T.);
#1436 = VERTEX_POINT('',#1437);
#1437 = CARTESIAN_POINT('',(-2.775,1.45,4.935));
#1438 = SURFACE_CURVE('',#1439,(#1443,#1450),.PCURVE_S1.);
#1439 = LINE('',#1440,#1441);
#1440 = CARTESIAN_POINT('',(-2.775,1.45,4.935));
#1441 = VECTOR('',#1442,1.);
#1442 = DIRECTION('',(0.,0.,-1.));
#1443 = PCURVE('',#649,#1444);
#1444 = DEFINITIONAL_REPRESENTATION('',(#1445),#1449);
#1445 = LINE('',#1446,#1447);
#1446 = CARTESIAN_POINT('',(-0.859528492105,-2.775));
#1447 = VECTOR('',#1448,1.);
#1448 = DIRECTION('',(1.,0.));
#1449 = ( GEOMETRIC_REPRESENTATION_CONTEXT(2) 
PARAMETRIC_REPRESENTATION_CONTEXT() REPRESENTATION_CONTEXT('2D SPACE',''
  ) );
#1450 = PCURVE('',#1017,#1451);
#1451 = DEFINITIONAL_REPRESENTATION('',(#1452),#1456);
#1452 = LINE('',#1453,#1454);
#1453 = CARTESIAN_POINT('',(-0.,0.));
#1454 = VECTOR('',#1455,1.);
#1455 = DIRECTION('',(-0.,1.));
#1456 = ( GEOMETRIC_REPRESENTATION_CONTEXT(2) 
PARAMETRIC_REPRESENTATION_CONTEXT() REPRESENTATION_CONTEXT('2D SPACE',''
  ) );
#1457 = ORIENTED_EDGE('',*,*,#1043,.F.);
#1458 = ORIENTED_EDGE('',*,*,#1459,.T.);
#1459 = EDGE_CURVE('',#1044,#1460,#1462,.T.);
#1460 = VERTEX_POINT('',#1461);
#1461 = CARTESIAN_POINT('',(-2.45,1.45,4.935));
#1462 = SURFACE_CURVE('',#1463,(#1467,#1474),.PCURVE_S1.);
#1463 = LINE('',#1464,#1465);
#1464 = CARTESIAN_POINT('',(-2.45,1.45,0.18));
#1465 = VECTOR('',#1466,1.);
#1466 = DIRECTION('',(0.,0.,1.));
#1467 = PCURVE('',#649,#1468);
#1468 = DEFINITIONAL_REPRESENTATION('',(#1469),#1473);
#1469 = LINE('',#1470,#1471);
#1470 = CARTESIAN_POINT('',(3.895471507895,-2.45));
#1471 = VECTOR('',#1472,1.);
#1472 = DIRECTION('',(-1.,0.));
#1473 = ( GEOMETRIC_REPRESENTATION_CONTEXT(2) 
PARAMETRIC_REPRESENTATION_CONTEXT() REPRESENTATION_CONTEXT('2D SPACE',''
  ) );
#1474 = PCURVE('',#1152,#1475);
#1475 = DEFINITIONAL_REPRESENTATION('',(#1476),#1480);
#1476 = LINE('',#1477,#1478);
#1477 = CARTESIAN_POINT('',(-0.,0.));
#1478 = VECTOR('',#1479,1.);
#1479 = DIRECTION('',(-0.,1.));
#1480 = ( GEOMETRIC_REPRESENTATION_CONTEXT(2) 
PARAMETRIC_REPRESENTATION_CONTEXT() REPRESENTATION_CONTEXT('2D SPACE',''
  ) );
#1481 = ORIENTED_EDGE('',*,*,#1482,.T.);
#1482 = EDGE_CURVE('',#1460,#1483,#1485,.T.);
#1483 = VERTEX_POINT('',#1484);
#1484 = CARTESIAN_POINT('',(2.45,1.45,4.935));
#1485 = SURFACE_CURVE('',#1486,(#1491,#1502),.PCURVE_S1.);
#1486 = CIRCLE('',#1487,2.45);
#1487 = AXIS2_PLACEMENT_3D('',#1488,#1489,#1490);
#1488 = CARTESIAN_POINT('',(2.22044604925E-16,1.45,4.935));
#1489 = DIRECTION('',(-0.,1.,0.));
#1490 = DIRECTION('',(-1.,-0.,0.));
#1491 = PCURVE('',#649,#1492);
#1492 = DEFINITIONAL_REPRESENTATION('',(#1493),#1501);
#1493 = ( BOUNDED_CURVE() B_SPLINE_CURVE(2,(#1494,#1495,#1496,#1497,
#1498,#1499,#1500),.UNSPECIFIED.,.T.,.F.) B_SPLINE_CURVE_WITH_KNOTS((1,2
    ,2,2,2,1),(-2.094395102393,0.,2.094395102393,4.188790204786,
6.28318530718,8.377580409573),.UNSPECIFIED.) CURVE() 
GEOMETRIC_REPRESENTATION_ITEM() RATIONAL_B_SPLINE_CURVE((1.,0.5,1.,0.5,
1.,0.5,1.)) REPRESENTATION_ITEM('') );
#1494 = CARTESIAN_POINT('',(-0.859528492105,-2.45));
#1495 = CARTESIAN_POINT('',(-5.103052970649,-2.45));
#1496 = CARTESIAN_POINT('',(-2.981290731377,1.225));
#1497 = CARTESIAN_POINT('',(-0.859528492105,4.9));
#1498 = CARTESIAN_POINT('',(1.262233747167,1.225));
#1499 = CARTESIAN_POINT('',(3.383995986438,-2.45));
#1500 = CARTESIAN_POINT('',(-0.859528492105,-2.45));
#1501 = ( GEOMETRIC_REPRESENTATION_CONTEXT(2) 
PARAMETRIC_REPRESENTATION_CONTEXT() REPRESENTATION_CONTEXT('2D SPACE',''
  ) );
#1502 = PCURVE('',#1503,#1508);
#1503 = TOROIDAL_SURFACE('',#1504,2.45,0.45);
#1504 = AXIS2_PLACEMENT_3D('',#1505,#1506,#1507);
#1505 = CARTESIAN_POINT('',(2.22044604925E-16,1.,4.935));
#1506 = DIRECTION('',(-0.,1.,0.));
#1507 = DIRECTION('',(-1.,-0.,0.));
#1508 = DEFINITIONAL_REPRESENTATION('',(#1509),#1513);
#1509 = LINE('',#1510,#1511);
#1510 = CARTESIAN_POINT('',(0.,1.570796326795));
#1511 = VECTOR('',#1512,1.);
#1512 = DIRECTION('',(1.,0.));
#1513 = ( GEOMETRIC_REPRESENTATION_CONTEXT(2) 
PARAMETRIC_REPRESENTATION_CONTEXT() REPRESENTATION_CONTEXT('2D SPACE',''
  ) );
#1514 = ORIENTED_EDGE('',*,*,#1515,.T.);
#1515 = EDGE_CURVE('',#1483,#522,#1516,.T.);
#1516 = SURFACE_CURVE('',#1517,(#1521,#1528),.PCURVE_S1.);
#1517 = LINE('',#1518,#1519);
#1518 = CARTESIAN_POINT('',(2.45,1.45,4.935));
#1519 = VECTOR('',#1520,1.);
#1520 = DIRECTION('',(0.,0.,-1.));
#1521 = PCURVE('',#649,#1522);
#1522 = DEFINITIONAL_REPRESENTATION('',(#1523),#1527);
#1523 = LINE('',#1524,#1525);
#1524 = CARTESIAN_POINT('',(-0.859528492105,2.45));
#1525 = VECTOR('',#1526,1.);
#1526 = DIRECTION('',(1.,0.));
#1527 = ( GEOMETRIC_REPRESENTATION_CONTEXT(2) 
PARAMETRIC_REPRESENTATION_CONTEXT() REPRESENTATION_CONTEXT('2D SPACE',''
  ) );
#1528 = PCURVE('',#565,#1529);
#1529 = DEFINITIONAL_REPRESENTATION('',(#1530),#1534);
#1530 = LINE('',#1531,#1532);
#1531 = CARTESIAN_POINT('',(-0.,0.));
#1532 = VECTOR('',#1533,1.);
#1533 = DIRECTION('',(-0.,1.));
#1534 = ( GEOMETRIC_REPRESENTATION_CONTEXT(2) 
PARAMETRIC_REPRESENTATION_CONTEXT() REPRESENTATION_CONTEXT('2D SPACE',''
  ) );
#1535 = ORIENTED_EDGE('',*,*,#591,.F.);
#1536 = ORIENTED_EDGE('',*,*,#1221,.T.);
#1537 = ORIENTED_EDGE('',*,*,#1538,.T.);
#1538 = EDGE_CURVE('',#1222,#1436,#1539,.T.);
#1539 = SURFACE_CURVE('',#1540,(#1545,#1552),.PCURVE_S1.);
#1540 = CIRCLE('',#1541,2.775);
#1541 = AXIS2_PLACEMENT_3D('',#1542,#1543,#1544);
#1542 = CARTESIAN_POINT('',(0.,1.45,4.935));
#1543 = DIRECTION('',(0.,-1.,0.));
#1544 = DIRECTION('',(1.,0.,2.754041611473E-16));
#1545 = PCURVE('',#649,#1546);
#1546 = DEFINITIONAL_REPRESENTATION('',(#1547),#1551);
#1547 = CIRCLE('',#1548,2.775);
#1548 = AXIS2_PLACEMENT_2D('',#1549,#1550);
#1549 = CARTESIAN_POINT('',(-0.859528492105,-3.586667464128E-17));
#1550 = DIRECTION('',(-3.200642953874E-16,1.));
#1551 = ( GEOMETRIC_REPRESENTATION_CONTEXT(2) 
PARAMETRIC_REPRESENTATION_CONTEXT() REPRESENTATION_CONTEXT('2D SPACE',''
  ) );
#1552 = PCURVE('',#1260,#1553);
#1553 = DEFINITIONAL_REPRESENTATION('',(#1554),#1558);
#1554 = LINE('',#1555,#1556);
#1555 = CARTESIAN_POINT('',(0.,4.712388980385));
#1556 = VECTOR('',#1557,1.);
#1557 = DIRECTION('',(1.,0.));
#1558 = ( GEOMETRIC_REPRESENTATION_CONTEXT(2) 
PARAMETRIC_REPRESENTATION_CONTEXT() REPRESENTATION_CONTEXT('2D SPACE',''
  ) );
#1559 = ADVANCED_FACE('',(#1560),#565,.T.);
#1560 = FACE_BOUND('',#1561,.F.);
#1561 = EDGE_LOOP('',(#1562,#1563,#1585,#1606));
#1562 = ORIENTED_EDGE('',*,*,#1515,.F.);
#1563 = ORIENTED_EDGE('',*,*,#1564,.T.);
#1564 = EDGE_CURVE('',#1483,#1565,#1567,.T.);
#1565 = VERTEX_POINT('',#1566);
#1566 = CARTESIAN_POINT('',(2.,1.,4.935));
#1567 = SURFACE_CURVE('',#1568,(#1573,#1579),.PCURVE_S1.);
#1568 = CIRCLE('',#1569,0.45);
#1569 = AXIS2_PLACEMENT_3D('',#1570,#1571,#1572);
#1570 = CARTESIAN_POINT('',(2.45,1.,4.935));
#1571 = DIRECTION('',(-1.224646799147E-16,-0.,1.));
#1572 = DIRECTION('',(1.,0.,1.224646799147E-16));
#1573 = PCURVE('',#565,#1574);
#1574 = DEFINITIONAL_REPRESENTATION('',(#1575),#1578);
#1575 = B_SPLINE_CURVE_WITH_KNOTS('',1,(#1576,#1577),.UNSPECIFIED.,.F.,
  .F.,(2,2),(1.570796326795,3.14159265359),.PIECEWISE_BEZIER_KNOTS.);
#1576 = CARTESIAN_POINT('',(0.,0.));
#1577 = CARTESIAN_POINT('',(-1.570796326795,0.));
#1578 = ( GEOMETRIC_REPRESENTATION_CONTEXT(2) 
PARAMETRIC_REPRESENTATION_CONTEXT() REPRESENTATION_CONTEXT('2D SPACE',''
  ) );
#1579 = PCURVE('',#1503,#1580);
#1580 = DEFINITIONAL_REPRESENTATION('',(#1581),#1584);
#1581 = B_SPLINE_CURVE_WITH_KNOTS('',1,(#1582,#1583),.UNSPECIFIED.,.F.,
  .F.,(2,2),(1.570796326795,3.14159265359),.PIECEWISE_BEZIER_KNOTS.);
#1582 = CARTESIAN_POINT('',(3.14159265359,1.570796326795));
#1583 = CARTESIAN_POINT('',(3.14159265359,3.14159265359));
#1584 = ( GEOMETRIC_REPRESENTATION_CONTEXT(2) 
PARAMETRIC_REPRESENTATION_CONTEXT() REPRESENTATION_CONTEXT('2D SPACE',''
  ) );
#1585 = ORIENTED_EDGE('',*,*,#1586,.T.);
#1586 = EDGE_CURVE('',#1565,#492,#1587,.T.);
#1587 = SURFACE_CURVE('',#1588,(#1592,#1599),.PCURVE_S1.);
#1588 = LINE('',#1589,#1590);
#1589 = CARTESIAN_POINT('',(2.,1.,4.935));
#1590 = VECTOR('',#1591,1.);
#1591 = DIRECTION('',(0.,0.,-1.));
#1592 = PCURVE('',#565,#1593);
#1593 = DEFINITIONAL_REPRESENTATION('',(#1594),#1598);
#1594 = LINE('',#1595,#1596);
#1595 = CARTESIAN_POINT('',(-1.570796326795,0.));
#1596 = VECTOR('',#1597,1.);
#1597 = DIRECTION('',(-0.,1.));
#1598 = ( GEOMETRIC_REPRESENTATION_CONTEXT(2) 
PARAMETRIC_REPRESENTATION_CONTEXT() REPRESENTATION_CONTEXT('2D SPACE',''
  ) );
#1599 = PCURVE('',#454,#1600);
#1600 = DEFINITIONAL_REPRESENTATION('',(#1601),#1605);
#1601 = LINE('',#1602,#1603);
#1602 = CARTESIAN_POINT('',(0.,1.));
#1603 = VECTOR('',#1604,1.);
#1604 = DIRECTION('',(1.,0.));
#1605 = ( GEOMETRIC_REPRESENTATION_CONTEXT(2) 
PARAMETRIC_REPRESENTATION_CONTEXT() REPRESENTATION_CONTEXT('2D SPACE',''
  ) );
#1606 = ORIENTED_EDGE('',*,*,#521,.F.);
#1607 = ADVANCED_FACE('',(#1608),#454,.F.);
#1608 = FACE_BOUND('',#1609,.F.);
#1609 = EDGE_LOOP('',(#1610,#1638,#1659,#1660,#1661));
#1610 = ORIENTED_EDGE('',*,*,#1611,.F.);
#1611 = EDGE_CURVE('',#1612,#1565,#1614,.T.);
#1612 = VERTEX_POINT('',#1613);
#1613 = CARTESIAN_POINT('',(2.,-1.,4.935));
#1614 = SURFACE_CURVE('',#1615,(#1619,#1626),.PCURVE_S1.);
#1615 = LINE('',#1616,#1617);
#1616 = CARTESIAN_POINT('',(2.,-1.45,4.935));
#1617 = VECTOR('',#1618,1.);
#1618 = DIRECTION('',(0.,1.,0.));
#1619 = PCURVE('',#454,#1620);
#1620 = DEFINITIONAL_REPRESENTATION('',(#1621),#1625);
#1621 = LINE('',#1622,#1623);
#1622 = CARTESIAN_POINT('',(0.,-1.45));
#1623 = VECTOR('',#1624,1.);
#1624 = DIRECTION('',(0.,1.));
#1625 = ( GEOMETRIC_REPRESENTATION_CONTEXT(2) 
PARAMETRIC_REPRESENTATION_CONTEXT() REPRESENTATION_CONTEXT('2D SPACE',''
  ) );
#1626 = PCURVE('',#1627,#1632);
#1627 = CYLINDRICAL_SURFACE('',#1628,2.);
#1628 = AXIS2_PLACEMENT_3D('',#1629,#1630,#1631);
#1629 = CARTESIAN_POINT('',(2.22044604925E-16,0.,4.935));
#1630 = DIRECTION('',(0.,1.,0.));
#1631 = DIRECTION('',(-1.,0.,-0.));
#1632 = DEFINITIONAL_REPRESENTATION('',(#1633),#1637);
#1633 = LINE('',#1634,#1635);
#1634 = CARTESIAN_POINT('',(3.14159265359,-1.45));
#1635 = VECTOR('',#1636,1.);
#1636 = DIRECTION('',(-0.,1.));
#1637 = ( GEOMETRIC_REPRESENTATION_CONTEXT(2) 
PARAMETRIC_REPRESENTATION_CONTEXT() REPRESENTATION_CONTEXT('2D SPACE',''
  ) );
#1638 = ORIENTED_EDGE('',*,*,#1639,.T.);
#1639 = EDGE_CURVE('',#1612,#362,#1640,.T.);
#1640 = SURFACE_CURVE('',#1641,(#1645,#1652),.PCURVE_S1.);
#1641 = LINE('',#1642,#1643);
#1642 = CARTESIAN_POINT('',(2.,-1.,4.935));
#1643 = VECTOR('',#1644,1.);
#1644 = DIRECTION('',(0.,0.,-1.));
#1645 = PCURVE('',#454,#1646);
#1646 = DEFINITIONAL_REPRESENTATION('',(#1647),#1651);
#1647 = LINE('',#1648,#1649);
#1648 = CARTESIAN_POINT('',(0.,-1.));
#1649 = VECTOR('',#1650,1.);
#1650 = DIRECTION('',(1.,0.));
#1651 = ( GEOMETRIC_REPRESENTATION_CONTEXT(2) 
PARAMETRIC_REPRESENTATION_CONTEXT() REPRESENTATION_CONTEXT('2D SPACE',''
  ) );
#1652 = PCURVE('',#405,#1653);
#1653 = DEFINITIONAL_REPRESENTATION('',(#1654),#1658);
#1654 = LINE('',#1655,#1656);
#1655 = CARTESIAN_POINT('',(-0.,0.));
#1656 = VECTOR('',#1657,1.);
#1657 = DIRECTION('',(-0.,1.));
#1658 = ( GEOMETRIC_REPRESENTATION_CONTEXT(2) 
PARAMETRIC_REPRESENTATION_CONTEXT() REPRESENTATION_CONTEXT('2D SPACE',''
  ) );
#1659 = ORIENTED_EDGE('',*,*,#431,.F.);
#1660 = ORIENTED_EDGE('',*,*,#491,.F.);
#1661 = ORIENTED_EDGE('',*,*,#1586,.F.);
#1662 = ADVANCED_FACE('',(#1663),#405,.T.);
#1663 = FACE_BOUND('',#1664,.F.);
#1664 = EDGE_LOOP('',(#1665,#1666,#1693,#1714));
#1665 = ORIENTED_EDGE('',*,*,#1639,.F.);
#1666 = ORIENTED_EDGE('',*,*,#1667,.T.);
#1667 = EDGE_CURVE('',#1612,#1668,#1670,.T.);
#1668 = VERTEX_POINT('',#1669);
#1669 = CARTESIAN_POINT('',(2.45,-1.45,4.935));
#1670 = SURFACE_CURVE('',#1671,(#1676,#1682),.PCURVE_S1.);
#1671 = CIRCLE('',#1672,0.45);
#1672 = AXIS2_PLACEMENT_3D('',#1673,#1674,#1675);
#1673 = CARTESIAN_POINT('',(2.45,-1.,4.935));
#1674 = DIRECTION('',(-1.224646799147E-16,-0.,1.));
#1675 = DIRECTION('',(1.,0.,1.224646799147E-16));
#1676 = PCURVE('',#405,#1677);
#1677 = DEFINITIONAL_REPRESENTATION('',(#1678),#1681);
#1678 = B_SPLINE_CURVE_WITH_KNOTS('',1,(#1679,#1680),.UNSPECIFIED.,.F.,
  .F.,(2,2),(3.14159265359,4.712388980385),.PIECEWISE_BEZIER_KNOTS.);
#1679 = CARTESIAN_POINT('',(0.,0.));
#1680 = CARTESIAN_POINT('',(-1.570796326795,0.));
#1681 = ( GEOMETRIC_REPRESENTATION_CONTEXT(2) 
PARAMETRIC_REPRESENTATION_CONTEXT() REPRESENTATION_CONTEXT('2D SPACE',''
  ) );
#1682 = PCURVE('',#1683,#1688);
#1683 = TOROIDAL_SURFACE('',#1684,2.45,0.45);
#1684 = AXIS2_PLACEMENT_3D('',#1685,#1686,#1687);
#1685 = CARTESIAN_POINT('',(2.22044604925E-16,-1.,4.935));
#1686 = DIRECTION('',(-0.,1.,0.));
#1687 = DIRECTION('',(-1.,-0.,0.));
#1688 = DEFINITIONAL_REPRESENTATION('',(#1689),#1692);
#1689 = B_SPLINE_CURVE_WITH_KNOTS('',1,(#1690,#1691),.UNSPECIFIED.,.F.,
  .F.,(2,2),(3.14159265359,4.712388980385),.PIECEWISE_BEZIER_KNOTS.);
#1690 = CARTESIAN_POINT('',(3.14159265359,3.14159265359));
#1691 = CARTESIAN_POINT('',(3.14159265359,4.712388980385));
#1692 = ( GEOMETRIC_REPRESENTATION_CONTEXT(2) 
PARAMETRIC_REPRESENTATION_CONTEXT() REPRESENTATION_CONTEXT('2D SPACE',''
  ) );
#1693 = ORIENTED_EDGE('',*,*,#1694,.T.);
#1694 = EDGE_CURVE('',#1668,#292,#1695,.T.);
#1695 = SURFACE_CURVE('',#1696,(#1700,#1707),.PCURVE_S1.);
#1696 = LINE('',#1697,#1698);
#1697 = CARTESIAN_POINT('',(2.45,-1.45,4.935));
#1698 = VECTOR('',#1699,1.);
#1699 = DIRECTION('',(0.,0.,-1.));
#1700 = PCURVE('',#405,#1701);
#1701 = DEFINITIONAL_REPRESENTATION('',(#1702),#1706);
#1702 = LINE('',#1703,#1704);
#1703 = CARTESIAN_POINT('',(-1.570796326795,0.));
#1704 = VECTOR('',#1705,1.);
#1705 = DIRECTION('',(-0.,1.));
#1706 = ( GEOMETRIC_REPRESENTATION_CONTEXT(2) 
PARAMETRIC_REPRESENTATION_CONTEXT() REPRESENTATION_CONTEXT('2D SPACE',''
  ) );
#1707 = PCURVE('',#349,#1708);
#1708 = DEFINITIONAL_REPRESENTATION('',(#1709),#1713);
#1709 = LINE('',#1710,#1711);
#1710 = CARTESIAN_POINT('',(-0.859528492105,2.45));
#1711 = VECTOR('',#1712,1.);
#1712 = DIRECTION('',(1.,0.));
#1713 = ( GEOMETRIC_REPRESENTATION_CONTEXT(2) 
PARAMETRIC_REPRESENTATION_CONTEXT() REPRESENTATION_CONTEXT('2D SPACE',''
  ) );
#1714 = ORIENTED_EDGE('',*,*,#361,.F.);
#1715 = ADVANCED_FACE('',(#1716),#349,.T.);
#1716 = FACE_BOUND('',#1717,.T.);
#1717 = EDGE_LOOP('',(#1718,#1741,#1742,#1765,#1791,#1792,#1793,#1794));
#1718 = ORIENTED_EDGE('',*,*,#1719,.T.);
#1719 = EDGE_CURVE('',#1720,#801,#1722,.T.);
#1720 = VERTEX_POINT('',#1721);
#1721 = CARTESIAN_POINT('',(-2.775,-1.45,4.935));
#1722 = SURFACE_CURVE('',#1723,(#1727,#1734),.PCURVE_S1.);
#1723 = LINE('',#1724,#1725);
#1724 = CARTESIAN_POINT('',(-2.775,-1.45,4.935));
#1725 = VECTOR('',#1726,1.);
#1726 = DIRECTION('',(0.,0.,-1.));
#1727 = PCURVE('',#349,#1728);
#1728 = DEFINITIONAL_REPRESENTATION('',(#1729),#1733);
#1729 = LINE('',#1730,#1731);
#1730 = CARTESIAN_POINT('',(-0.859528492105,-2.775));
#1731 = VECTOR('',#1732,1.);
#1732 = DIRECTION('',(1.,0.));
#1733 = ( GEOMETRIC_REPRESENTATION_CONTEXT(2) 
PARAMETRIC_REPRESENTATION_CONTEXT() REPRESENTATION_CONTEXT('2D SPACE',''
  ) );
#1734 = PCURVE('',#909,#1735);
#1735 = DEFINITIONAL_REPRESENTATION('',(#1736),#1740);
#1736 = LINE('',#1737,#1738);
#1737 = CARTESIAN_POINT('',(-1.570796326795,0.));
#1738 = VECTOR('',#1739,1.);
#1739 = DIRECTION('',(-0.,1.));
#1740 = ( GEOMETRIC_REPRESENTATION_CONTEXT(2) 
PARAMETRIC_REPRESENTATION_CONTEXT() REPRESENTATION_CONTEXT('2D SPACE',''
  ) );
#1741 = ORIENTED_EDGE('',*,*,#800,.F.);
#1742 = ORIENTED_EDGE('',*,*,#1743,.T.);
#1743 = EDGE_CURVE('',#731,#1744,#1746,.T.);
#1744 = VERTEX_POINT('',#1745);
#1745 = CARTESIAN_POINT('',(-2.45,-1.45,4.935));
#1746 = SURFACE_CURVE('',#1747,(#1751,#1758),.PCURVE_S1.);
#1747 = LINE('',#1748,#1749);
#1748 = CARTESIAN_POINT('',(-2.45,-1.45,0.18));
#1749 = VECTOR('',#1750,1.);
#1750 = DIRECTION('',(0.,0.,1.));
#1751 = PCURVE('',#349,#1752);
#1752 = DEFINITIONAL_REPRESENTATION('',(#1753),#1757);
#1753 = LINE('',#1754,#1755);
#1754 = CARTESIAN_POINT('',(3.895471507895,-2.45));
#1755 = VECTOR('',#1756,1.);
#1756 = DIRECTION('',(-1.,0.));
#1757 = ( GEOMETRIC_REPRESENTATION_CONTEXT(2) 
PARAMETRIC_REPRESENTATION_CONTEXT() REPRESENTATION_CONTEXT('2D SPACE',''
  ) );
#1758 = PCURVE('',#774,#1759);
#1759 = DEFINITIONAL_REPRESENTATION('',(#1760),#1764);
#1760 = LINE('',#1761,#1762);
#1761 = CARTESIAN_POINT('',(-1.570796326795,0.));
#1762 = VECTOR('',#1763,1.);
#1763 = DIRECTION('',(-0.,1.));
#1764 = ( GEOMETRIC_REPRESENTATION_CONTEXT(2) 
PARAMETRIC_REPRESENTATION_CONTEXT() REPRESENTATION_CONTEXT('2D SPACE',''
  ) );
#1765 = ORIENTED_EDGE('',*,*,#1766,.T.);
#1766 = EDGE_CURVE('',#1744,#1668,#1767,.T.);
#1767 = SURFACE_CURVE('',#1768,(#1773,#1784),.PCURVE_S1.);
#1768 = CIRCLE('',#1769,2.45);
#1769 = AXIS2_PLACEMENT_3D('',#1770,#1771,#1772);
#1770 = CARTESIAN_POINT('',(2.22044604925E-16,-1.45,4.935));
#1771 = DIRECTION('',(-0.,1.,0.));
#1772 = DIRECTION('',(-1.,-0.,0.));
#1773 = PCURVE('',#349,#1774);
#1774 = DEFINITIONAL_REPRESENTATION('',(#1775),#1783);
#1775 = ( BOUNDED_CURVE() B_SPLINE_CURVE(2,(#1776,#1777,#1778,#1779,
#1780,#1781,#1782),.UNSPECIFIED.,.T.,.F.) B_SPLINE_CURVE_WITH_KNOTS((1,2
    ,2,2,2,1),(-2.094395102393,0.,2.094395102393,4.188790204786,
6.28318530718,8.377580409573),.UNSPECIFIED.) CURVE() 
GEOMETRIC_REPRESENTATION_ITEM() RATIONAL_B_SPLINE_CURVE((1.,0.5,1.,0.5,
1.,0.5,1.)) REPRESENTATION_ITEM('') );
#1776 = CARTESIAN_POINT('',(-0.859528492105,-2.45));
#1777 = CARTESIAN_POINT('',(-5.103052970649,-2.45));
#1778 = CARTESIAN_POINT('',(-2.981290731377,1.225));
#1779 = CARTESIAN_POINT('',(-0.859528492105,4.9));
#1780 = CARTESIAN_POINT('',(1.262233747167,1.225));
#1781 = CARTESIAN_POINT('',(3.383995986438,-2.45));
#1782 = CARTESIAN_POINT('',(-0.859528492105,-2.45));
#1783 = ( GEOMETRIC_REPRESENTATION_CONTEXT(2) 
PARAMETRIC_REPRESENTATION_CONTEXT() REPRESENTATION_CONTEXT('2D SPACE',''
  ) );
#1784 = PCURVE('',#1683,#1785);
#1785 = DEFINITIONAL_REPRESENTATION('',(#1786),#1790);
#1786 = LINE('',#1787,#1788);
#1787 = CARTESIAN_POINT('',(0.,4.712388980385));
#1788 = VECTOR('',#1789,1.);
#1789 = DIRECTION('',(1.,0.));
#1790 = ( GEOMETRIC_REPRESENTATION_CONTEXT(2) 
PARAMETRIC_REPRESENTATION_CONTEXT() REPRESENTATION_CONTEXT('2D SPACE',''
  ) );
#1791 = ORIENTED_EDGE('',*,*,#1694,.T.);
#1792 = ORIENTED_EDGE('',*,*,#291,.F.);
#1793 = ORIENTED_EDGE('',*,*,#1354,.T.);
#1794 = ORIENTED_EDGE('',*,*,#1795,.T.);
#1795 = EDGE_CURVE('',#1355,#1720,#1796,.T.);
#1796 = SURFACE_CURVE('',#1797,(#1802,#1809),.PCURVE_S1.);
#1797 = CIRCLE('',#1798,2.775);
#1798 = AXIS2_PLACEMENT_3D('',#1799,#1800,#1801);
#1799 = CARTESIAN_POINT('',(0.,-1.45,4.935));
#1800 = DIRECTION('',(0.,-1.,0.));
#1801 = DIRECTION('',(1.,0.,2.754041611473E-16));
#1802 = PCURVE('',#349,#1803);
#1803 = DEFINITIONAL_REPRESENTATION('',(#1804),#1808);
#1804 = CIRCLE('',#1805,2.775);
#1805 = AXIS2_PLACEMENT_2D('',#1806,#1807);
#1806 = CARTESIAN_POINT('',(-0.859528492105,-3.586667464128E-17));
#1807 = DIRECTION('',(-3.200642953874E-16,1.));
#1808 = ( GEOMETRIC_REPRESENTATION_CONTEXT(2) 
PARAMETRIC_REPRESENTATION_CONTEXT() REPRESENTATION_CONTEXT('2D SPACE',''
  ) );
#1809 = PCURVE('',#1337,#1810);
#1810 = DEFINITIONAL_REPRESENTATION('',(#1811),#1815);
#1811 = LINE('',#1812,#1813);
#1812 = CARTESIAN_POINT('',(0.,1.570796326795));
#1813 = VECTOR('',#1814,1.);
#1814 = DIRECTION('',(1.,0.));
#1815 = ( GEOMETRIC_REPRESENTATION_CONTEXT(2) 
PARAMETRIC_REPRESENTATION_CONTEXT() REPRESENTATION_CONTEXT('2D SPACE',''
  ) );
#1816 = ADVANCED_FACE('',(#1817),#774,.T.);
#1817 = FACE_BOUND('',#1818,.F.);
#1818 = EDGE_LOOP('',(#1819,#1842,#1843,#1844));
#1819 = ORIENTED_EDGE('',*,*,#1820,.F.);
#1820 = EDGE_CURVE('',#729,#1821,#1823,.T.);
#1821 = VERTEX_POINT('',#1822);
#1822 = CARTESIAN_POINT('',(-2.,-1.,4.935));
#1823 = SURFACE_CURVE('',#1824,(#1828,#1835),.PCURVE_S1.);
#1824 = LINE('',#1825,#1826);
#1825 = CARTESIAN_POINT('',(-2.,-1.,0.18));
#1826 = VECTOR('',#1827,1.);
#1827 = DIRECTION('',(0.,0.,1.));
#1828 = PCURVE('',#774,#1829);
#1829 = DEFINITIONAL_REPRESENTATION('',(#1830),#1834);
#1830 = LINE('',#1831,#1832);
#1831 = CARTESIAN_POINT('',(-0.,0.));
#1832 = VECTOR('',#1833,1.);
#1833 = DIRECTION('',(-0.,1.));
#1834 = ( GEOMETRIC_REPRESENTATION_CONTEXT(2) 
PARAMETRIC_REPRESENTATION_CONTEXT() REPRESENTATION_CONTEXT('2D SPACE',''
  ) );
#1835 = PCURVE('',#1206,#1836);
#1836 = DEFINITIONAL_REPRESENTATION('',(#1837),#1841);
#1837 = LINE('',#1838,#1839);
#1838 = CARTESIAN_POINT('',(-5.551115123126E-17,-1.));
#1839 = VECTOR('',#1840,1.);
#1840 = DIRECTION('',(1.,0.));
#1841 = ( GEOMETRIC_REPRESENTATION_CONTEXT(2) 
PARAMETRIC_REPRESENTATION_CONTEXT() REPRESENTATION_CONTEXT('2D SPACE',''
  ) );
#1842 = ORIENTED_EDGE('',*,*,#728,.T.);
#1843 = ORIENTED_EDGE('',*,*,#1743,.T.);
#1844 = ORIENTED_EDGE('',*,*,#1845,.F.);
#1845 = EDGE_CURVE('',#1821,#1744,#1846,.T.);
#1846 = SURFACE_CURVE('',#1847,(#1852,#1858),.PCURVE_S1.);
#1847 = CIRCLE('',#1848,0.45);
#1848 = AXIS2_PLACEMENT_3D('',#1849,#1850,#1851);
#1849 = CARTESIAN_POINT('',(-2.45,-1.,4.935));
#1850 = DIRECTION('',(0.,-0.,-1.));
#1851 = DIRECTION('',(1.,0.,-0.));
#1852 = PCURVE('',#774,#1853);
#1853 = DEFINITIONAL_REPRESENTATION('',(#1854),#1857);
#1854 = B_SPLINE_CURVE_WITH_KNOTS('',1,(#1855,#1856),.UNSPECIFIED.,.F.,
  .F.,(2,2),(0.,1.570796326795),.PIECEWISE_BEZIER_KNOTS.);
#1855 = CARTESIAN_POINT('',(0.,4.755));
#1856 = CARTESIAN_POINT('',(-1.570796326795,4.755));
#1857 = ( GEOMETRIC_REPRESENTATION_CONTEXT(2) 
PARAMETRIC_REPRESENTATION_CONTEXT() REPRESENTATION_CONTEXT('2D SPACE',''
  ) );
#1858 = PCURVE('',#1683,#1859);
#1859 = DEFINITIONAL_REPRESENTATION('',(#1860),#1863);
#1860 = B_SPLINE_CURVE_WITH_KNOTS('',1,(#1861,#1862),.UNSPECIFIED.,.F.,
  .F.,(2,2),(0.,1.570796326795),.PIECEWISE_BEZIER_KNOTS.);
#1861 = CARTESIAN_POINT('',(0.,3.14159265359));
#1862 = CARTESIAN_POINT('',(0.,4.712388980385));
#1863 = ( GEOMETRIC_REPRESENTATION_CONTEXT(2) 
PARAMETRIC_REPRESENTATION_CONTEXT() REPRESENTATION_CONTEXT('2D SPACE',''
  ) );
#1864 = ADVANCED_FACE('',(#1865),#1206,.F.);
#1865 = FACE_BOUND('',#1866,.F.);
#1866 = EDGE_LOOP('',(#1867,#1890,#1911,#1912));
#1867 = ORIENTED_EDGE('',*,*,#1868,.F.);
#1868 = EDGE_CURVE('',#1869,#1821,#1871,.T.);
#1869 = VERTEX_POINT('',#1870);
#1870 = CARTESIAN_POINT('',(-2.,1.,4.935));
#1871 = SURFACE_CURVE('',#1872,(#1876,#1883),.PCURVE_S1.);
#1872 = LINE('',#1873,#1874);
#1873 = CARTESIAN_POINT('',(-2.,1.45,4.935));
#1874 = VECTOR('',#1875,1.);
#1875 = DIRECTION('',(0.,-1.,0.));
#1876 = PCURVE('',#1206,#1877);
#1877 = DEFINITIONAL_REPRESENTATION('',(#1878),#1882);
#1878 = LINE('',#1879,#1880);
#1879 = CARTESIAN_POINT('',(4.755,1.45));
#1880 = VECTOR('',#1881,1.);
#1881 = DIRECTION('',(0.,-1.));
#1882 = ( GEOMETRIC_REPRESENTATION_CONTEXT(2) 
PARAMETRIC_REPRESENTATION_CONTEXT() REPRESENTATION_CONTEXT('2D SPACE',''
  ) );
#1883 = PCURVE('',#1627,#1884);
#1884 = DEFINITIONAL_REPRESENTATION('',(#1885),#1889);
#1885 = LINE('',#1886,#1887);
#1886 = CARTESIAN_POINT('',(0.,1.45));
#1887 = VECTOR('',#1888,1.);
#1888 = DIRECTION('',(0.,-1.));
#1889 = ( GEOMETRIC_REPRESENTATION_CONTEXT(2) 
PARAMETRIC_REPRESENTATION_CONTEXT() REPRESENTATION_CONTEXT('2D SPACE',''
  ) );
#1890 = ORIENTED_EDGE('',*,*,#1891,.F.);
#1891 = EDGE_CURVE('',#1109,#1869,#1892,.T.);
#1892 = SURFACE_CURVE('',#1893,(#1897,#1904),.PCURVE_S1.);
#1893 = LINE('',#1894,#1895);
#1894 = CARTESIAN_POINT('',(-2.,1.,0.18));
#1895 = VECTOR('',#1896,1.);
#1896 = DIRECTION('',(0.,0.,1.));
#1897 = PCURVE('',#1206,#1898);
#1898 = DEFINITIONAL_REPRESENTATION('',(#1899),#1903);
#1899 = LINE('',#1900,#1901);
#1900 = CARTESIAN_POINT('',(-5.551115123126E-17,1.));
#1901 = VECTOR('',#1902,1.);
#1902 = DIRECTION('',(1.,0.));
#1903 = ( GEOMETRIC_REPRESENTATION_CONTEXT(2) 
PARAMETRIC_REPRESENTATION_CONTEXT() REPRESENTATION_CONTEXT('2D SPACE',''
  ) );
#1904 = PCURVE('',#1152,#1905);
#1905 = DEFINITIONAL_REPRESENTATION('',(#1906),#1910);
#1906 = LINE('',#1907,#1908);
#1907 = CARTESIAN_POINT('',(-1.570796326795,0.));
#1908 = VECTOR('',#1909,1.);
#1909 = DIRECTION('',(-0.,1.));
#1910 = ( GEOMETRIC_REPRESENTATION_CONTEXT(2) 
PARAMETRIC_REPRESENTATION_CONTEXT() REPRESENTATION_CONTEXT('2D SPACE',''
  ) );
#1911 = ORIENTED_EDGE('',*,*,#1178,.F.);
#1912 = ORIENTED_EDGE('',*,*,#1820,.T.);
#1913 = ADVANCED_FACE('',(#1914),#1152,.T.);
#1914 = FACE_BOUND('',#1915,.F.);
#1915 = EDGE_LOOP('',(#1916,#1917,#1918,#1919));
#1916 = ORIENTED_EDGE('',*,*,#1459,.F.);
#1917 = ORIENTED_EDGE('',*,*,#1108,.T.);
#1918 = ORIENTED_EDGE('',*,*,#1891,.T.);
#1919 = ORIENTED_EDGE('',*,*,#1920,.F.);
#1920 = EDGE_CURVE('',#1460,#1869,#1921,.T.);
#1921 = SURFACE_CURVE('',#1922,(#1927,#1933),.PCURVE_S1.);
#1922 = CIRCLE('',#1923,0.45);
#1923 = AXIS2_PLACEMENT_3D('',#1924,#1925,#1926);
#1924 = CARTESIAN_POINT('',(-2.45,1.,4.935));
#1925 = DIRECTION('',(-0.,0.,-1.));
#1926 = DIRECTION('',(-0.,1.,0.));
#1927 = PCURVE('',#1152,#1928);
#1928 = DEFINITIONAL_REPRESENTATION('',(#1929),#1932);
#1929 = B_SPLINE_CURVE_WITH_KNOTS('',1,(#1930,#1931),.UNSPECIFIED.,.F.,
  .F.,(2,2),(0.,1.570796326795),.PIECEWISE_BEZIER_KNOTS.);
#1930 = CARTESIAN_POINT('',(0.,4.755));
#1931 = CARTESIAN_POINT('',(-1.570796326795,4.755));
#1932 = ( GEOMETRIC_REPRESENTATION_CONTEXT(2) 
PARAMETRIC_REPRESENTATION_CONTEXT() REPRESENTATION_CONTEXT('2D SPACE',''
  ) );
#1933 = PCURVE('',#1503,#1934);
#1934 = DEFINITIONAL_REPRESENTATION('',(#1935),#1938);
#1935 = B_SPLINE_CURVE_WITH_KNOTS('',1,(#1936,#1937),.UNSPECIFIED.,.F.,
  .F.,(2,2),(0.,1.570796326795),.PIECEWISE_BEZIER_KNOTS.);
#1936 = CARTESIAN_POINT('',(0.,1.570796326795));
#1937 = CARTESIAN_POINT('',(0.,3.14159265359));
#1938 = ( GEOMETRIC_REPRESENTATION_CONTEXT(2) 
PARAMETRIC_REPRESENTATION_CONTEXT() REPRESENTATION_CONTEXT('2D SPACE',''
  ) );
#1939 = ADVANCED_FACE('',(#1940),#1017,.T.);
#1940 = FACE_BOUND('',#1941,.F.);
#1941 = EDGE_LOOP('',(#1942,#1943,#1963,#1984));
#1942 = ORIENTED_EDGE('',*,*,#1435,.F.);
#1943 = ORIENTED_EDGE('',*,*,#1944,.T.);
#1944 = EDGE_CURVE('',#1436,#1275,#1945,.T.);
#1945 = SURFACE_CURVE('',#1946,(#1951,#1957),.PCURVE_S1.);
#1946 = CIRCLE('',#1947,0.45);
#1947 = AXIS2_PLACEMENT_3D('',#1948,#1949,#1950);
#1948 = CARTESIAN_POINT('',(-2.775,1.,4.935));
#1949 = DIRECTION('',(2.911497286175E-16,0.,1.));
#1950 = DIRECTION('',(-1.,-0.,2.911497286175E-16));
#1951 = PCURVE('',#1017,#1952);
#1952 = DEFINITIONAL_REPRESENTATION('',(#1953),#1956);
#1953 = B_SPLINE_CURVE_WITH_KNOTS('',1,(#1954,#1955),.UNSPECIFIED.,.F.,
  .F.,(2,2),(4.712388980385,6.28318530718),.PIECEWISE_BEZIER_KNOTS.);
#1954 = CARTESIAN_POINT('',(0.,0.));
#1955 = CARTESIAN_POINT('',(-1.570796326795,0.));
#1956 = ( GEOMETRIC_REPRESENTATION_CONTEXT(2) 
PARAMETRIC_REPRESENTATION_CONTEXT() REPRESENTATION_CONTEXT('2D SPACE',''
  ) );
#1957 = PCURVE('',#1260,#1958);
#1958 = DEFINITIONAL_REPRESENTATION('',(#1959),#1962);
#1959 = B_SPLINE_CURVE_WITH_KNOTS('',1,(#1960,#1961),.UNSPECIFIED.,.F.,
  .F.,(2,2),(4.712388980385,6.28318530718),.PIECEWISE_BEZIER_KNOTS.);
#1960 = CARTESIAN_POINT('',(3.14159265359,4.712388980385));
#1961 = CARTESIAN_POINT('',(3.14159265359,6.28318530718));
#1962 = ( GEOMETRIC_REPRESENTATION_CONTEXT(2) 
PARAMETRIC_REPRESENTATION_CONTEXT() REPRESENTATION_CONTEXT('2D SPACE',''
  ) );
#1963 = ORIENTED_EDGE('',*,*,#1964,.T.);
#1964 = EDGE_CURVE('',#1275,#936,#1965,.T.);
#1965 = SURFACE_CURVE('',#1966,(#1970,#1977),.PCURVE_S1.);
#1966 = LINE('',#1967,#1968);
#1967 = CARTESIAN_POINT('',(-3.225,1.,4.935));
#1968 = VECTOR('',#1969,1.);
#1969 = DIRECTION('',(0.,0.,-1.));
#1970 = PCURVE('',#1017,#1971);
#1971 = DEFINITIONAL_REPRESENTATION('',(#1972),#1976);
#1972 = LINE('',#1973,#1974);
#1973 = CARTESIAN_POINT('',(-1.570796326795,0.));
#1974 = VECTOR('',#1975,1.);
#1975 = DIRECTION('',(-0.,1.));
#1976 = ( GEOMETRIC_REPRESENTATION_CONTEXT(2) 
PARAMETRIC_REPRESENTATION_CONTEXT() REPRESENTATION_CONTEXT('2D SPACE',''
  ) );
#1977 = PCURVE('',#961,#1978);
#1978 = DEFINITIONAL_REPRESENTATION('',(#1979),#1983);
#1979 = LINE('',#1980,#1981);
#1980 = CARTESIAN_POINT('',(0.,1.));
#1981 = VECTOR('',#1982,1.);
#1982 = DIRECTION('',(1.,0.));
#1983 = ( GEOMETRIC_REPRESENTATION_CONTEXT(2) 
PARAMETRIC_REPRESENTATION_CONTEXT() REPRESENTATION_CONTEXT('2D SPACE',''
  ) );
#1984 = ORIENTED_EDGE('',*,*,#973,.F.);
#1985 = ADVANCED_FACE('',(#1986),#961,.F.);
#1986 = FACE_BOUND('',#1987,.F.);
#1987 = EDGE_LOOP('',(#1988,#1989,#1990,#1991));
#1988 = ORIENTED_EDGE('',*,*,#935,.F.);
#1989 = ORIENTED_EDGE('',*,*,#1964,.F.);
#1990 = ORIENTED_EDGE('',*,*,#1274,.T.);
#1991 = ORIENTED_EDGE('',*,*,#1992,.T.);
#1992 = EDGE_CURVE('',#1277,#866,#1993,.T.);
#1993 = SURFACE_CURVE('',#1994,(#1998,#2005),.PCURVE_S1.);
#1994 = LINE('',#1995,#1996);
#1995 = CARTESIAN_POINT('',(-3.225,-1.,4.935));
#1996 = VECTOR('',#1997,1.);
#1997 = DIRECTION('',(0.,0.,-1.));
#1998 = PCURVE('',#961,#1999);
#1999 = DEFINITIONAL_REPRESENTATION('',(#2000),#2004);
#2000 = LINE('',#2001,#2002);
#2001 = CARTESIAN_POINT('',(0.,-1.));
#2002 = VECTOR('',#2003,1.);
#2003 = DIRECTION('',(1.,0.));
#2004 = ( GEOMETRIC_REPRESENTATION_CONTEXT(2) 
PARAMETRIC_REPRESENTATION_CONTEXT() REPRESENTATION_CONTEXT('2D SPACE',''
  ) );
#2005 = PCURVE('',#909,#2006);
#2006 = DEFINITIONAL_REPRESENTATION('',(#2007),#2011);
#2007 = LINE('',#2008,#2009);
#2008 = CARTESIAN_POINT('',(-0.,0.));
#2009 = VECTOR('',#2010,1.);
#2010 = DIRECTION('',(-0.,1.));
#2011 = ( GEOMETRIC_REPRESENTATION_CONTEXT(2) 
PARAMETRIC_REPRESENTATION_CONTEXT() REPRESENTATION_CONTEXT('2D SPACE',''
  ) );
#2012 = ADVANCED_FACE('',(#2013),#909,.T.);
#2013 = FACE_BOUND('',#2014,.F.);
#2014 = EDGE_LOOP('',(#2015,#2016,#2036,#2037));
#2015 = ORIENTED_EDGE('',*,*,#1992,.F.);
#2016 = ORIENTED_EDGE('',*,*,#2017,.T.);
#2017 = EDGE_CURVE('',#1277,#1720,#2018,.T.);
#2018 = SURFACE_CURVE('',#2019,(#2024,#2030),.PCURVE_S1.);
#2019 = CIRCLE('',#2020,0.45);
#2020 = AXIS2_PLACEMENT_3D('',#2021,#2022,#2023);
#2021 = CARTESIAN_POINT('',(-2.775,-1.,4.935));
#2022 = DIRECTION('',(2.911497286175E-16,0.,1.));
#2023 = DIRECTION('',(-1.,-0.,2.911497286175E-16));
#2024 = PCURVE('',#909,#2025);
#2025 = DEFINITIONAL_REPRESENTATION('',(#2026),#2029);
#2026 = B_SPLINE_CURVE_WITH_KNOTS('',1,(#2027,#2028),.UNSPECIFIED.,.F.,
  .F.,(2,2),(0.,1.570796326795),.PIECEWISE_BEZIER_KNOTS.);
#2027 = CARTESIAN_POINT('',(0.,0.));
#2028 = CARTESIAN_POINT('',(-1.570796326795,0.));
#2029 = ( GEOMETRIC_REPRESENTATION_CONTEXT(2) 
PARAMETRIC_REPRESENTATION_CONTEXT() REPRESENTATION_CONTEXT('2D SPACE',''
  ) );
#2030 = PCURVE('',#1337,#2031);
#2031 = DEFINITIONAL_REPRESENTATION('',(#2032),#2035);
#2032 = B_SPLINE_CURVE_WITH_KNOTS('',1,(#2033,#2034),.UNSPECIFIED.,.F.,
  .F.,(2,2),(0.,1.570796326795),.PIECEWISE_BEZIER_KNOTS.);
#2033 = CARTESIAN_POINT('',(3.14159265359,0.));
#2034 = CARTESIAN_POINT('',(3.14159265359,1.570796326795));
#2035 = ( GEOMETRIC_REPRESENTATION_CONTEXT(2) 
PARAMETRIC_REPRESENTATION_CONTEXT() REPRESENTATION_CONTEXT('2D SPACE',''
  ) );
#2036 = ORIENTED_EDGE('',*,*,#1719,.T.);
#2037 = ORIENTED_EDGE('',*,*,#865,.F.);
#2038 = ADVANCED_FACE('',(#2039),#1260,.T.);
#2039 = FACE_BOUND('',#2040,.T.);
#2040 = EDGE_LOOP('',(#2041,#2042,#2043,#2044));
#2041 = ORIENTED_EDGE('',*,*,#1246,.F.);
#2042 = ORIENTED_EDGE('',*,*,#1538,.T.);
#2043 = ORIENTED_EDGE('',*,*,#1944,.T.);
#2044 = ORIENTED_EDGE('',*,*,#1299,.F.);
#2045 = ADVANCED_FACE('',(#2046),#1337,.T.);
#2046 = FACE_BOUND('',#2047,.T.);
#2047 = EDGE_LOOP('',(#2048,#2049,#2050,#2051));
#2048 = ORIENTED_EDGE('',*,*,#1377,.F.);
#2049 = ORIENTED_EDGE('',*,*,#1322,.T.);
#2050 = ORIENTED_EDGE('',*,*,#2017,.T.);
#2051 = ORIENTED_EDGE('',*,*,#1795,.F.);
#2052 = ADVANCED_FACE('',(#2053),#1417,.T.);
#2053 = FACE_BOUND('',#2054,.F.);
#2054 = EDGE_LOOP('',(#2055,#2078,#2079,#2080));
#2055 = ORIENTED_EDGE('',*,*,#2056,.T.);
#2056 = EDGE_CURVE('',#2057,#1401,#2059,.T.);
#2057 = VERTEX_POINT('',#2058);
#2058 = CARTESIAN_POINT('',(4.005,0.,0.));
#2059 = SEAM_CURVE('',#2060,(#2064,#2071),.PCURVE_S1.);
#2060 = LINE('',#2061,#2062);
#2061 = CARTESIAN_POINT('',(4.005,0.,0.));
#2062 = VECTOR('',#2063,1.);
#2063 = DIRECTION('',(0.,0.,1.));
#2064 = PCURVE('',#1417,#2065);
#2065 = DEFINITIONAL_REPRESENTATION('',(#2066),#2070);
#2066 = LINE('',#2067,#2068);
#2067 = CARTESIAN_POINT('',(-0.,0.));
#2068 = VECTOR('',#2069,1.);
#2069 = DIRECTION('',(-0.,-1.));
#2070 = ( GEOMETRIC_REPRESENTATION_CONTEXT(2) 
PARAMETRIC_REPRESENTATION_CONTEXT() REPRESENTATION_CONTEXT('2D SPACE',''
  ) );
#2071 = PCURVE('',#1417,#2072);
#2072 = DEFINITIONAL_REPRESENTATION('',(#2073),#2077);
#2073 = LINE('',#2074,#2075);
#2074 = CARTESIAN_POINT('',(-6.28318530718,0.));
#2075 = VECTOR('',#2076,1.);
#2076 = DIRECTION('',(-0.,-1.));
#2077 = ( GEOMETRIC_REPRESENTATION_CONTEXT(2) 
PARAMETRIC_REPRESENTATION_CONTEXT() REPRESENTATION_CONTEXT('2D SPACE',''
  ) );
#2078 = ORIENTED_EDGE('',*,*,#1400,.T.);
#2079 = ORIENTED_EDGE('',*,*,#2056,.F.);
#2080 = ORIENTED_EDGE('',*,*,#2081,.F.);
#2081 = EDGE_CURVE('',#2057,#2057,#2082,.T.);
#2082 = SURFACE_CURVE('',#2083,(#2088,#2095),.PCURVE_S1.);
#2083 = CIRCLE('',#2084,4.005);
#2084 = AXIS2_PLACEMENT_3D('',#2085,#2086,#2087);
#2085 = CARTESIAN_POINT('',(0.,0.,0.));
#2086 = DIRECTION('',(0.,0.,1.));
#2087 = DIRECTION('',(1.,0.,0.));
#2088 = PCURVE('',#1417,#2089);
#2089 = DEFINITIONAL_REPRESENTATION('',(#2090),#2094);
#2090 = LINE('',#2091,#2092);
#2091 = CARTESIAN_POINT('',(-0.,0.));
#2092 = VECTOR('',#2093,1.);
#2093 = DIRECTION('',(-1.,0.));
#2094 = ( GEOMETRIC_REPRESENTATION_CONTEXT(2) 
PARAMETRIC_REPRESENTATION_CONTEXT() REPRESENTATION_CONTEXT('2D SPACE',''
  ) );
#2095 = PCURVE('',#2096,#2101);
#2096 = PLANE('',#2097);
#2097 = AXIS2_PLACEMENT_3D('',#2098,#2099,#2100);
#2098 = CARTESIAN_POINT('',(-2.560749311872E-16,7.226273105267E-18,0.));
#2099 = DIRECTION('',(0.,0.,1.));
#2100 = DIRECTION('',(1.,0.,-0.));
#2101 = DEFINITIONAL_REPRESENTATION('',(#2102),#2106);
#2102 = CIRCLE('',#2103,4.005);
#2103 = AXIS2_PLACEMENT_2D('',#2104,#2105);
#2104 = CARTESIAN_POINT('',(2.560749311872E-16,-7.226273105267E-18));
#2105 = DIRECTION('',(1.,0.));
#2106 = ( GEOMETRIC_REPRESENTATION_CONTEXT(2) 
PARAMETRIC_REPRESENTATION_CONTEXT() REPRESENTATION_CONTEXT('2D SPACE',''
  ) );
#2107 = ADVANCED_FACE('',(#2108),#1503,.T.);
#2108 = FACE_BOUND('',#2109,.T.);
#2109 = EDGE_LOOP('',(#2110,#2111,#2112,#2113));
#2110 = ORIENTED_EDGE('',*,*,#1920,.F.);
#2111 = ORIENTED_EDGE('',*,*,#1482,.T.);
#2112 = ORIENTED_EDGE('',*,*,#1564,.T.);
#2113 = ORIENTED_EDGE('',*,*,#2114,.F.);
#2114 = EDGE_CURVE('',#1869,#1565,#2115,.T.);
#2115 = SURFACE_CURVE('',#2116,(#2121,#2128),.PCURVE_S1.);
#2116 = CIRCLE('',#2117,2.);
#2117 = AXIS2_PLACEMENT_3D('',#2118,#2119,#2120);
#2118 = CARTESIAN_POINT('',(2.22044604925E-16,1.,4.935));
#2119 = DIRECTION('',(-0.,1.,0.));
#2120 = DIRECTION('',(-1.,-0.,0.));
#2121 = PCURVE('',#1503,#2122);
#2122 = DEFINITIONAL_REPRESENTATION('',(#2123),#2127);
#2123 = LINE('',#2124,#2125);
#2124 = CARTESIAN_POINT('',(0.,3.14159265359));
#2125 = VECTOR('',#2126,1.);
#2126 = DIRECTION('',(1.,0.));
#2127 = ( GEOMETRIC_REPRESENTATION_CONTEXT(2) 
PARAMETRIC_REPRESENTATION_CONTEXT() REPRESENTATION_CONTEXT('2D SPACE',''
  ) );
#2128 = PCURVE('',#1627,#2129);
#2129 = DEFINITIONAL_REPRESENTATION('',(#2130),#2134);
#2130 = LINE('',#2131,#2132);
#2131 = CARTESIAN_POINT('',(0.,1.));
#2132 = VECTOR('',#2133,1.);
#2133 = DIRECTION('',(1.,0.));
#2134 = ( GEOMETRIC_REPRESENTATION_CONTEXT(2) 
PARAMETRIC_REPRESENTATION_CONTEXT() REPRESENTATION_CONTEXT('2D SPACE',''
  ) );
#2135 = ADVANCED_FACE('',(#2136),#1627,.F.);
#2136 = FACE_BOUND('',#2137,.F.);
#2137 = EDGE_LOOP('',(#2138,#2139,#2140,#2141));
#2138 = ORIENTED_EDGE('',*,*,#1611,.T.);
#2139 = ORIENTED_EDGE('',*,*,#2114,.F.);
#2140 = ORIENTED_EDGE('',*,*,#1868,.T.);
#2141 = ORIENTED_EDGE('',*,*,#2142,.T.);
#2142 = EDGE_CURVE('',#1821,#1612,#2143,.T.);
#2143 = SURFACE_CURVE('',#2144,(#2149,#2156),.PCURVE_S1.);
#2144 = CIRCLE('',#2145,2.);
#2145 = AXIS2_PLACEMENT_3D('',#2146,#2147,#2148);
#2146 = CARTESIAN_POINT('',(2.22044604925E-16,-1.,4.935));
#2147 = DIRECTION('',(-0.,1.,0.));
#2148 = DIRECTION('',(-1.,-0.,0.));
#2149 = PCURVE('',#1627,#2150);
#2150 = DEFINITIONAL_REPRESENTATION('',(#2151),#2155);
#2151 = LINE('',#2152,#2153);
#2152 = CARTESIAN_POINT('',(0.,-1.));
#2153 = VECTOR('',#2154,1.);
#2154 = DIRECTION('',(1.,0.));
#2155 = ( GEOMETRIC_REPRESENTATION_CONTEXT(2) 
PARAMETRIC_REPRESENTATION_CONTEXT() REPRESENTATION_CONTEXT('2D SPACE',''
  ) );
#2156 = PCURVE('',#1683,#2157);
#2157 = DEFINITIONAL_REPRESENTATION('',(#2158),#2162);
#2158 = LINE('',#2159,#2160);
#2159 = CARTESIAN_POINT('',(0.,3.14159265359));
#2160 = VECTOR('',#2161,1.);
#2161 = DIRECTION('',(1.,0.));
#2162 = ( GEOMETRIC_REPRESENTATION_CONTEXT(2) 
PARAMETRIC_REPRESENTATION_CONTEXT() REPRESENTATION_CONTEXT('2D SPACE',''
  ) );
#2163 = ADVANCED_FACE('',(#2164),#1683,.T.);
#2164 = FACE_BOUND('',#2165,.T.);
#2165 = EDGE_LOOP('',(#2166,#2167,#2168,#2169));
#2166 = ORIENTED_EDGE('',*,*,#1845,.F.);
#2167 = ORIENTED_EDGE('',*,*,#2142,.T.);
#2168 = ORIENTED_EDGE('',*,*,#1667,.T.);
#2169 = ORIENTED_EDGE('',*,*,#1766,.F.);
#2170 = ADVANCED_FACE('',(#2171),#2096,.F.);
#2171 = FACE_BOUND('',#2172,.F.);
#2172 = EDGE_LOOP('',(#2173));
#2173 = ORIENTED_EDGE('',*,*,#2081,.T.);
#2174 = ( GEOMETRIC_REPRESENTATION_CONTEXT(3) 
GLOBAL_UNCERTAINTY_ASSIGNED_CONTEXT((#2178)) 
GLOBAL_UNIT_ASSIGNED_CONTEXT((#2175,#2176,#2177)) REPRESENTATION_CONTEXT
('Context #1','3D Context with UNIT and UNCERTAINTY') );
#2175 = ( LENGTH_UNIT() NAMED_UNIT(*) SI_UNIT(.MILLI.,.METRE.) );
#2176 = ( NAMED_UNIT(*) PLANE_ANGLE_UNIT() SI_UNIT($,.RADIAN.) );
#2177 = ( NAMED_UNIT(*) SI_UNIT($,.STERADIAN.) SOLID_ANGLE_UNIT() );
#2178 = UNCERTAINTY_MEASURE_WITH_UNIT(LENGTH_MEASURE(1.E-07),#2175,
  'distance_accuracy_value','confusion accuracy');
#2179 = PRODUCT_RELATED_PRODUCT_CATEGORY('part',$,(#7));
ENDSEC;
END-ISO-10303-21;
